text1	text2	label
右肱骨外髁骨折神经损伤	上肢神经损伤	1
右内踝及距骨内侧骨软骨缺损伴游离体形成	踝关节内游离体	1
运动发育迟缓歌舞伎综合症	歌舞伎面谱综合征[Kabuki综合征]	1
颈椎硬膜外血肿伴不全瘫	硬膜外血肿	1
高血压病(左房扩大)	左房扩大	1
腹膜后及腹腔内多发稍大淋巴结	腹腔淋巴结肿大	1
"""乳腺癌改良根治术后,化疗,骨转移,骨质疏松,肝转移,肝损伤"""	骨继发恶性肿瘤	1
多发胸椎骨质破坏性质	骨质破坏	1
获得性凝血功能障碍维生素K依赖性	维生素K缺乏	1
消化系统合并症：①慢性非萎缩性胃炎伴胆汁反流（轻度）②十二指肠炎③Barrett食管④肝右叶多发小囊肿⑤肝右叶钙化灶	肝囊肿	1
右耳蜂蜇伤	耳部损伤	1
臀部软组织尤文肉瘤	臀部恶性肿瘤	1
宫颈癌术后化疗后复查	恶性肿瘤化学治疗后的随诊检查	1
特指手术后状态(右肝癌术后)	其他特指的手术后状态	1
左足透明细胞肉瘤反复复发术后	透明细胞肉瘤	1
右侧颞叶及基底节区脑出血	颞叶出血	1
慢性萎缩性胃炎并糜烂	慢性萎缩性胃炎	1
宫内早孕	妊娠状态	1
"""右侧乳腺癌术后 化疗,重度骨质疏松骨折 消肿止痛,右锁骨上淋巴结转移,关节痛，失眠"""	重度骨质疏松	1
多发子宫肌瘤	子宫多发性平滑肌瘤	1
左桡骨、腕骨骨折	桡骨骨折	1
热水烫伤面颈部双上肢躯干7%TBSAⅡ	沸水烫伤	1
西医1神经症2脑后循环缺血	未特指的神经症性障碍	1
肝内外胆管结石并急性胆管炎	急性胆管炎	1
可疑恶性肿瘤观察高CEACa19-9血症	CA199升高	1
C6-7脊髓内脱髓鞘改变	脱髓鞘性脊髓病	1
食管下端溃疡型低分化癌（pT3	癌	1
"""行动不便,SLE，,上呼吸道感染、发热、咳嗽咳痰,咽痛,慢性便秘,高脂血症,高血压,预防血栓,肝肾阴虚、腰膝酸软"""	高脂血症	1
左下肢左髋骶尾部压迫性溃疡	压疮	1
"""直肠癌 盆腔淋巴结转移,术前放化疗"""	盆腔淋巴结继发恶性肿瘤	1
神经元特异性烯醇化酶轻度升高	肿瘤标记物升高	1
"""肺癌晚期术后复发放疗低硒,咯血,疼痛,咳嗽,恶心,呕吐"""	癌	1
特指再生障碍性贫血	其他特指的再生障碍性贫血	1
椎基底A供血不足胃黏膜撕裂症	椎-基底动脉供血不全	1
急性粒细胞白血病MCR2	急性粒细胞性白血病	1
新生儿卵圆孔未闭20mm转归其他	卵圆孔未闭	1
左侧椎动脉动脉供血不足	椎-基底动脉供血不全	1
左臂部恶性黑素瘤	恶性黑色素瘤	1
肝曲横结肠管状腺瘤低级别局灶高级别	结肠肝曲良性肿瘤	1
癌细胞侵入胰腺组织并侵及十二指肠粘膜	癌	1
肾造瘘术后(左)	肾造口状态	1
原发性支气管肺癌(左上肺 鳞癌可能 cT4N0M1(骨 )	左肺上叶恶性肿瘤	1
右上肺低分化神经内分泌癌	右肺上叶恶性肿瘤	1
发热;上呼吸道感染?;泌尿道感染?	发热	1
心律失常窦性心动过缓	心律失常	1
左侧口角撕裂伤伴组织缺损	唇和口腔开放性损伤	1
热水烫伤躯干右股TBSA7%深Ⅱ度	下肢烫伤	1
绝经后子宫	绝经期	1
急性胆囊炎胆囊结石急性胃炎	急性胆囊炎	1
扩张型心脏病酒精性心脏病可能性大	酒精性心肌病	1
腺瘤甲状腺	腺瘤	1
肝肝细胞异型增生胆管增生	胆道不典型增生	1
下咽后壁乳头状瘤	乳头状瘤	1
原发性支气管肺癌(左肺腺癌 cT3N1M1a(胸膜) IVA期 EGFR野生型 HER-2(E20第771-774杂合性	左肺恶性肿瘤	1
包皮过长伴粘连	包皮过长	1
右下牙龈高分化鳞状细胞癌	牙龈恶性肿瘤	1
口唇干燥	口干	1
"""高血压病,高血压病，抑郁症"""	高血压	1
肌酶增高查因肌酶增高查因肌酶增高查因	肌酸激酶增高	1
肾小球肾炎丙肝携带高血压肝损害	肝损害	1
左肾透明细胞癌术后多发骨转移	肾术后	1
子宫内膜粘液腺癌	子宫内膜恶性肿瘤	1
右肺腺癌术后化疗放疗后，脑M，CT显示复发。	恶性肿瘤复发	1
右侧胫前动脉中下段左侧胫后动脉不全闭塞	胫后动脉闭塞	1
颈椎间盘C23膨出并椎管C56狭窄	颈椎管狭窄	1
退变髓核组织伴钙盐沉积	钙质沉着症	1
"""随诊检查,恶性肿瘤手术后(食管癌，喉癌)"""	食管恶性肿瘤	1
G1P1孕41周已产LO	正常分娩	1
十二指肠球部狭窄并不全梗阻	不完全性肠梗阻	1
右侧腹股沟疖肿	腹股沟脓肿	1
上纵隔异常密度影	其他特指身体结构诊断性影像检查的异常所见	1
肝硬化腹水，胸水	胸腔积液	1
"""胰腺癌放疗,肝转移? 血小板降低,化疗，食欲差"""	胰腺恶性肿瘤	1
宫颈原位鳞状细胞癌	鳞状细胞癌	1
外阴BOWEN’S病宫颈CIN3级	子宫颈上皮内瘤变III级[CINIII级]	1
结肠癌并肠梗阻	肠梗阻	1
肠系膜血管炎	血管炎[脉管炎]	1
粒细胞缺乏伴肺部感染	粒细胞缺乏	1
W55x00被其他哺乳动物咬伤或抓伤	"""被其他哺乳动物咬伤或抓伤,在未特指场所"""	1
慢性萎缩性胃炎伴肠化	肠上皮化生	1
右肾盂输尿管占位	输尿管占位性病变	1
"""右上肺肿物,肺癌"""	肺肿物	1
4慢性肺心病心功能3级	心功能III级(NYHA分级)	1
宫颈鳞癌ⅢB期放化疗后	子宫颈恶性肿瘤	1
特发性斑疹毛细血管扩张	毛细血管扩张症	1
大腿软组织肉瘤	下肢恶性肿瘤	1
慢性肾功能衰竭;急性肾损害;防冻液中毒，中毒性脑病	防冻液中毒	1
胃食管连接处慢性炎	食管炎	1
脑病待诊	脑病[器质性脑病]	1
盆腔包块（1.卵巢囊肿2.其他）	盆腔肿物	1
右中下肺炎	肺炎	1
结肠腺癌	结肠恶性肿瘤	1
双乳多发腺瘤	乳腺良性肿瘤	1
左胸积液胸水结核性	结核性胸腔积液	1
右肾结石伴肾积水	肾积水伴肾结石	1
骨关节病;坐骨神经痛肌肉关节酸痛行动不便	肌痛	1
胃食管结合部癌综合治疗后吻合口复发	食管胃连接部恶性肿瘤	1
分娩伴会阴裂伤Ⅰ度	分娩伴会阴裂伤	1
右眼裂小待查	睑裂狭小	1
走路不稳双手无力原因待查格林巴利综合征	肌无力	1
右肺上叶大细胞癌免疫治疗	右肺上叶恶性肿瘤	1
甲状腺低分化癌	甲状腺恶性肿瘤	1
右侧胸膜增厚伴钙化	胸膜钙化	1
过敏性浮肿	过敏反应	1
面部皮肤擦伤	面部擦伤	1
手裂伤伴感染	手部开放性损伤	1
外伤，支气管炎	支气管炎	1
皮内型色素痣	皮内痣	1
言语错乱	言语障碍	1
非创伤性颅内出血后遗症	非创伤性颅内出血	1
左上肺周围型低分化腺癌纵隔淋巴结转移 上呼吸道感染	腺癌	1
右下颌骨成釉细胞瘤	下颌骨良性肿瘤	1
左乳腺癌术前化疗	乳腺恶性肿瘤	1
胸椎脊柱旁占位	脊柱占位	1
二性症发育不佳	第二性征发育不全	1
内侧关节室OA骨梗死	骨坏死	1
肩痹;咳嗽	咳嗽	1
学习困难.铅高	铅中毒	1
右屈肘总肌腱止点撕脱性骨折	肘关节骨折	1
股骨骨肉瘤	股骨恶性肿瘤	1
阴道不全纵膈	阴道纵隔	1
腹胀痛	腹胀	1
色素沉着原因待查扁平苔藓	扁平苔癣	1
脑动脉瘤包裹术后	脑动脉瘤	1
子宫颈癌IIB	子宫颈恶性肿瘤	1
"""2型糖尿病,冠状动脉粥样硬化性心脏病,2型糖尿病性周围循环并发症,糖尿病性肾病"""	2型糖尿病性肾病	1
右乳上象限浸润性导管癌	浸润性导管癌	1
右尺桡骨粉碎性骨折	桡骨骨折	1
阑尾开口横结肠管状腺瘤	横结肠良性肿瘤	1
D1萌出乳牙未脱落	乳牙滞留	1
副脾8低白蛋白血症	低蛋白血症	1
"""阴道炎,要求取环,月经不调,痛经,子宫腺肌症,盆腔炎"""	阴道炎	1
恶心纳差待查	恶心	1
胃食管连接处慢性炎	胃炎	1
"""右肺癌术后疼痛免疫功能,咳血抗过敏维生素不足叶酸不足,行动不便便秘重度疼痛抗过敏化疗,口腔溃疡高血压,化疗呕吐食欲减退"""	食欲不振	1
甲状腺压迫综合症	颈交感神经麻痹[霍纳综合征]	1
轻度抑郁伴躯体化功能障碍	伴有躯体症状的轻度抑郁发作	1
鼻咽癌肺转移、骨转移术后	鼻咽恶性肿瘤	1
"""右肺下叶低分化癌骨转移 淋巴结转移 IV期,双肺多发小结节性质待查"""	癌	1
前臂肌肉扭伤	身体未特指部位的脱位、扭伤和劳损	1
L1L2椎体骨质破坏伴L1椎体压缩性改变	腰椎压缩性骨折	1
右下肺鳞术后（pT4N2M0	右肺下叶恶性肿瘤	1
肝郁失眠毛囊炎咳嗽内火	咳嗽	1
颌面部感染	感染	1
右腰背部肉芽肿性炎	肉芽肿	1
颅内病变性质待查脱髓鞘疾病可能性大	脱髓鞘病	1
新生儿应激性溃疡	新生儿消化性溃疡	1
急性粒细胞减少症	中性粒细胞减少症	1
右小腿及足背皮肤缺损并坏死	皮肤缺损	1
腰椎间盘突出症高`血压	高血压	1
停经344周B超提示胎儿脑中线无回声区	妊娠状态	1
右乳良性导管扩张左乳良性导管扩张	乳腺导管扩张症	1
Z足癣继发感染	足感染	1
乙状结肠中分化腺癌术后中医治疗	结肠术后	1
慢性浅表性胃炎并胃体糜烂	慢性浅表性胃炎	1
结肠中分化腺癌根治术后PT4N1M0 盆腔转移	腺癌	1
咽炎扁桃体炎鼻炎	咽炎	1
胃肿瘤化疗	胃恶性肿瘤	1
"""G2P1孕36+1周待产LOA,胎膜早破，疤痕子宫"""	胎膜早破	1
上肢动脉阻塞	上肢动脉闭塞	1
右膝后交叉韧带损伤	膝关节后十字韧带损伤	1
AECOPD肺心衰右侧包裹性胸水	包裹性胸腔积液	1
右小腿下段前内侧皮肤坏死缺失创面	下肢皮肤坏死	1
右上肺鳞癌术后（pT2N2MO	右肺上叶恶性肿瘤	1
左大腿皮下大粉瘤	皮脂腺囊肿	1
糖尿病性末梢神经损坏脑供血障碍	未特指的糖尿病伴有神经的并发症	1
阴道前壁脱出II度子宫脱出I度	阴道前壁脱垂	1
左侧胫骨远端外侧踝及腓骨撕脱性骨折	胫骨骨折伴踝骨折	1
主动脉瓣三尖瓣中度闭锁不全	主动脉瓣关闭不全	1
左拇趾及左足背缺血坏死	下肢皮肤坏死	1
"""甲状腺癌,卵巢囊肿？"""	卵巢囊肿	1
上腭癌	癌	1
"""食管癌,化疗呕吐反流性食管病,低钾血症水肿,行动不便,白细胞低,咳嗽"""	水肿	1
面颊部肿物	面部肿物	1
血尿蛋白尿查因IGA肾病	血尿	1
左手多处皮肤划伤	手部损伤	1
右眼视网膜裂孔伴局限性脱离	视网膜脱离	1
低钠低钾低氯	低钠血症	1
左丘脑腔隙灶脑白质缺血	腔隙性脑梗死	1
新生儿RH溶血	新生儿Rh血型不合溶血病	1
免疫功能低先心病卵圆孔未闭	先天性心脏病	1
妊娠合并肝内胆汁淤积征	妊娠期肝内胆汁淤积症	1
非霍奇金套细胞淋巴瘤III期B	非霍奇金淋巴瘤	1
右足烧伤后并趾畸形	足部烧伤	1
高尿酸高粘滞血症尿感	高粘稠血症	1
扁平苔藓乳房Paget	扁平苔癣	1
右肺上叶大细胞癌中医治疗	恶性肿瘤中医治疗	1
心功能不全并肺部感染、梅毒房颤。糖尿病。高血压病	心房颤动[心房纤颤]	1
取出宫内节育器	取出子宫内避孕装置	1
纯红细胞再生障碍	纯红细胞再生障碍性贫血	1
"""乳腺癌改良根治术后,化疗,骨转移,骨质疏松,肝转移,肝损伤"""	乳腺术后	1
卵巢癌个人史	癌	1
右侧多囊卵巢	卵巢多囊样改变	1
绒毛状腺瘤伴癌变	腺瘤癌变	1
硒肺咳嗽。喘。胸闷	喘息	1
双足膝内翻	膝内翻	1
右乳浸润性导管癌中医治疗	乳腺恶性肿瘤	1
心律不齐房颤	心房颤动[心房纤颤]	1
先天性上腮裂漏	鳃裂瘘	1
胰体癌	胰体恶性肿瘤	1
缺锌重轻度缺铁胃口睡眠差	锌缺乏	1
胆囊切开取石术后	胆囊结石	1
脑垂体肿瘤放疗后	垂体恶性肿瘤	1
右眼视障待查缺血	视觉障碍	1
椎间盘脱出症	其他的颈椎间盘移位	1
右肾癌骨继发恶性肿瘤	肾恶性肿瘤	1
管状静脉窦无顶综合征	无顶冠状静脉窦综合征	1
冠心病高血压脑梗塞结膜炎	脑梗死	1
右侧眼眶撞伤	眼和眶未特指的损伤	1
右侧额颞叶脑挫裂伤出血	多发性大脑挫裂伤	1
右足跟部皮肤软组织脱套伤	足部套脱伤	1
右侧胫骨上端骨折	胫骨上端骨折	1
左乳癌术后伴双肺、多发骨转移综	骨继发恶性肿瘤	1
贲门鳞癌	鳞状细胞癌	1
鼻咽横纹肌肉瘤	横纹肌肉瘤	1
1脑缺血脱髓鞘2心肌缺血	心肌供血不足	1
结肠腺癌并癌性腹水	恶性腹腔积液	1
食管溃疡浸润型中分化鳞状细胞癌	食管恶性肿瘤	1
额面鼻外伤性疤痕左内眦韧带断裂移位	内眦移位	1
视网膜修复术后	眼术后	1
食管鳞状细胞化放疗	鳞状细胞癌	1
左肺癌全身转移综合治疗后	左肺恶性肿瘤	1
双膝关节滑膜软骨瘤病	软骨瘤病	1
胸10腰骶部放疗后	放射治疗	1
左手中指掌指关节处包块	手肿物	1
右颈肿痛	颈部肿胀	1
凝血功能障碍维生素K依赖性	维生素K缺乏	1
大疱性表皮松解坏死型药物疹	莱尔综合征[lyell综合征]	1
多发陈旧性闹梗塞	多发性脑梗死	1
肺周围型腺癌	肺恶性肿瘤	1
HCC介入治疗后；HCC	肝细胞癌	1
冠状动脉疾病1急性心肌梗死2壁冠状动脉	急性心肌梗死	1
"""右侧乳腺粘液癌术后,放射治疗,上感"""	粘液癌	1
右下肺腺癌伴双肺、右肾上腺、骨转移 cT3N3M1 IV期 EGFR19号外显子缺失突变 ALK未测	肾上腺继发恶性肿瘤	1
低锌低铁地贫	锌缺乏	1
宫颈癌术后、下腹痛	子宫颈恶性肿瘤	1
左肩胸部梭形细胞瘤	胸部肿瘤	1
胸髓病变伴截瘫	截瘫[双下肢瘫痪]	1
主动脉瓣二尖瓣慢性病变	未特指的主动脉瓣疾患	1
眶内癌	眶内恶性肿瘤	1
双侧下颌第三磨牙阻生齿	埋伏牙	1
结肠癌术后，肝转移，肾上腺转移	转移性癌	1
冠心病不稳定性心绞痛陈旧心梗	陈旧性心肌梗死	1
扁桃体癌	扁桃体恶性肿瘤	1
神经瘫	瘫痪	1
乳腺癌局部晚期化疗	恶性肿瘤终末期化疗	1
横结肠乙状结肠管状腺瘤建议定期复查	管状腺瘤	1
左上肺占位:癌	左肺上叶恶性肿瘤	1
寰枢椎异常信号影	其他特指身体结构诊断性影像检查的异常所见	1
右侧鼻腔鼻窦新生物Ca可能	鼻腔息肉	1
颈6-7髓内病变伴脊髓空洞	脊髓病	1
宫内环白带异常	具有子宫内避孕装置	1
胃体癌伴腹腔种植转移化疗后（ⅠV）	胃体恶性肿瘤	1
脑脱髓鞘改变脑缺血发作	脑血管供血不足	1
放疗后继发不适	放射治	1
左眼白内障人工晶体植入术后	白内障	1
胸45椎体破坏伴截瘫	截瘫[双下肢瘫痪]	1
子宫内膜癌内分泌治疗后	子宫内膜恶性肿瘤	1
慢性阻塞性肺疾病并肺部感染	肺部感染	1
环枕融合环枢脱位	先天性环枕融合	1
直肠癌放化疗后 T3N1M0 IIIB期	直肠恶性肿瘤	1
直肠粘膜低级别管状腺瘤	管状腺瘤	1
肺癌晚期，血尿待查	血尿	1
白内障人工晶体置换术后	白内障	1
尿路感染，肾炎？左肾静脉受压？	泌尿系感染	1
直肠术后化疗	恶性肿瘤术后化疗	1
右乳乳腺纤维腺瘤	乳腺良性肿瘤	1
"""卵巢癌化疗后,反流性食管炎"""	化学治疗	1
右肾切开取石术后	肾术后	1
热水烫伤右下肢	下肢烫伤	1
左附件交界性浆液性肿瘤术后	输卵管及卵巢恶性肿瘤	1
主观性头昏重度焦虑伴躯体化	头晕	1
子宫内膜息肉术后	子宫内膜息肉	1
"""结肠癌术后pT4N1M0,肝转移切除术后"""	肝术后	1
腹腔非霍奇金淋巴瘤	腹部恶性肿瘤	1
其他特指的非霍奇金淋巴瘤	其他特指类型的非霍奇金淋巴瘤	1
窦性不齐左室高电压轻度缺血改变	窦性心律失常	1
左上肺放射性肺纤维化干细胞治疗后	肺纤维化	1
纵隔畸胎瘤术后伴多发骨转移	转移性畸胎瘤	1
鞍区坏死组织不除外寄生虫虫卵	寄生虫病	1
右足背玻璃割伤	足部开放性损伤	1
新生儿右足外翻畸形	先天性足畸形	1
肝癌Ⅳ期	肝恶性肿瘤	1
先天性矫正型大血管转位	矫正性大动脉转位	1
右手指冻伤伤口换药	手指损伤	1
幼儿急疹[第六病]	幼儿急疹	1
双肺部分慢性炎症，部分炎性肉芽肿形成可能	肺肉芽肿	1
"""右肾透明细胞癌术后,腹腔及腹壁转移"""	肾术后	1
心功能肌缺血IV级	心功能IV级(NYHA分级)	1
L5椎体压缩性骨折	腰椎压缩性骨折	1
心律失常持续性房颤偶发室早	心律失常	1
右侧附件区囊性异常密度影	其他特指身体结构诊断性影像检查的异常所见	1
冠心病;骨质疏松;高血压;脑动脉硬化	骨质疏松	1
新生儿缺陷缺氧性脑病后遗症	新生儿缺氧缺血性脑病	1
直肠癌术后回肠造口还纳术	直肠恶性肿瘤	1
"""胰头部占位,肝内多发可疑转移"""	胰腺占位性病变	1
右肺淋巴结增生性病变	淋巴组织增生	1
右颌下腺导管结石伴右颌下腺慢性炎症	慢性下颌下腺炎	1
气管切口出血	操作后切口出血	1
鼻衄贫血待查：失血性？血小板减少性紫癜	鼻出血[鼻衄]	1
抗病毒治疗高指血症	高脂血症	1
高纤维蛋白原血症21低高密度脂蛋白血症	高密度脂蛋白缺乏	1
"""左肾集合管癌,化疗后白细胞减少,发热,上呼吸道感染,咳嗽 痰中带血,化疗后血小板低"""	白细胞减少	1
胆囊腺癌	腺癌	1
G2p0孕36+5周待产LoA完全性前置胎盘副胎盘可能	妊娠合并副胎盘	1
"""卵巢癌术后,盆腔复发?"""	恶性肿瘤复发	1
甲状旁腺功能减退症	甲状旁腺功能减退	1
腰腿痛/心律失常/感冒	腰痛	1
两侧脑室旁脱髓鞘缺血	脑血管供血不足	1
术后伴胸壁、纵隔、腹膜后等多发淋巴结转移（T1bN3M1a IV期）	胸壁淋巴结继发恶性肿瘤	1
慢性肾脏病矿物质及骨异常	矿物质代谢紊乱	1
植物神经紊乱中度焦虑轻度抑郁	焦虑状态	1
慢性阻塞性肺疾病伴肺部感染	肺部感染	1
2troca右侧疝气双侧睾丸固定}2年前不慎跌伤	疝	1
陈旧性腔隙性梗死	腔隙性脑梗死	1
非霍奇金套细胞淋巴瘤III期B	套细胞淋巴瘤	1
血铅高钙不足	低钙血症	1
急性中耳炎;鼻中隔偏曲;慢性鼻咽炎;鼻炎;外耳道疖;变应性支气管炎	鼻炎	1
右上肺斑片状影陈旧性病灶	肺部阴影	1
肝硬化\便血	便血	1
"""肺癌晚期术后复发放疗低硒,咯血,疼痛,咳嗽,恶心,呕吐"""	恶心	1
L2椎体压缩性骨折	腰椎压缩性骨折	1
晚孕胎儿头皮迟缓	妊娠状态	1
(宫颈CINI)	子宫颈上皮瘤样病变[CIN]I级	1
2型糖尿病糖尿病足部病变	2型糖尿病足	1
"""食管癌 造影检查,纵隔腹腔淋巴结转移,胃镜检查、局麻、预防出血,疼痛,成人不能进食、鼻饲"""	进食障碍	1
降结肠癌术后拟行第二次化疗	降结肠恶性肿瘤	1
双下肢无力原因一氧化碳中毒性周围神经病	多发性神经病[多发性神经炎/周围神经炎]	1
左足踇趾外翻锤状趾	锤状趾	1
左下肢周围神经病变	多发性神经病[多发性神经炎/周围神经炎]	1
待查右侧睾丸增大稍膜积水	鞘膜积液	1
缺铁缺锌铅较高腹部淋巴肿大	淋巴结肿大	1
双下肢软组织损伤	"""下肢未特指的损伤,水平未特指"""	1
左踝和左足条索状疤痕左踝关节强直	踝部瘢痕	1
静脉特指疾患右上腔静脉狭窄	静脉其他特指的疾患	1
下丘脑下综合征	下丘脑综合征	1
削水果时不慎被水果刀划伤右手指	"接触刀、剑或匕首造成的损伤,在未特指场所"""	1
L1腰椎压缩性骨折	腰椎压缩性骨折	1
胸段硬膜下自发性血肿伴不全瘫	硬脊膜下血肿	1
"""小细胞肺癌晚期化疗,水肿利尿便秘食欲减退,肝功能损害肺部感染,咳嗽行动不便疼痛"""	疼痛	1
肝曲横结肠管状腺瘤低级别局灶高级别	管状腺瘤	1
"""直肠癌 盆腔淋巴结转移,术前放化疗"""	癌	1
神经系统特指疾患发作性肢体无力待查	神经系统病变	1
贫血原因待查；早孕	妊娠状态	1
左腋下淋巴结放疗后	放射治疗	1
病毒性肝炎慢性乙肝	慢性乙型病毒性肝炎	1
原发性肝癌;慢性乙型病毒性肝炎;肝炎后肝硬变;骨转移	癌	1
乙状结肠管状腺瘤Ⅰ级切缘为查见病变	管状腺瘤	1
耳后颈部淋巴结肿痛	颈淋巴结肿大	1
大疱表皮样癣性药疹	莱尔综合征[lyell综合征]	1
埋伏牙和阻生牙	埋伏牙	1
颅面骨发育不全	颅面骨发育不全	1
左跗跖关节劳损	足的其他和未特指部位的扭伤和劳损	1
颈部淋巴瘤 化疗	化学治疗	1
纵隔畸胎瘤术后伴多发骨转移	骨继发恶性肿瘤	1
心律失常心房颤动室性早搏	室性期前收缩	1
右肺纤维硬结灶右肺肥大泡	肺大疱	1
感染性发热皮肤软组织感染	感染性发热	1
右大腿滑膜肉瘤	下肢恶性肿瘤	1
"""右肺癌术后疼痛免疫功能,咳血抗过敏维生素不足叶酸不足,行动不便便秘重度疼痛抗过敏化疗,口腔溃疡高血压,化疗呕吐食欲减退"""	癌	1
右大腿内侧根部血管瘤？	血管瘤	1
双侧胫前及右侧胫后动脉慢性闭塞型改变	胫后动脉闭塞	1
糖尿病高血压并脑损害心脏损害	高血压	1
下颌骨多发骨折	面骨多发性骨折	1
两侧基底节腔隙性梗塞	基底节脑梗死	1
慢性萎缩性胃炎并肠化生	慢性浅表性胃炎	1
多发蝴蝶椎	"""脊柱其他先天性畸形,与脊柱侧弯无关"""	1
胃癌(伴转移)	胃恶性肿瘤	1
颈椎腰椎病醣尿病脑缺血	脑血管供血不足	1
鞍区占位性质待查	颅内占位性病变	1
原发性支气管肺癌(左上肺 鳞癌可能 cT4N0M1(骨 )	转移性鳞状细胞癌	1
多处皮肤擦挫伤、多处软组织伤	多处皮肤浅表擦伤	1
1.冠心病，陈旧前壁心梗，PTCA+支架术后；2.高血压病2级（极高危）；3.高脂血症。	陈旧性前壁心肌梗死	1
"""脑梗死,记忆力减退,高脂血症,骨质疏松"""	脑梗死	1
霍奇金［何杰金］病未特指C819	未特指的霍奇金病	1
吐血查因右上纵膈气体	咯血	1
1空蝶鞍2脑缺血脱髓鞘	脱髓鞘性脑病	1
右肺中叶腺癌治疗后的随诊检查	右肺中叶恶性肿瘤	1
颅内血管狭窄左中重度狭窄右中中度狭窄	动脉狭窄	1
胃酸返流	反酸	1
肾结石术后	肾术后	1
脑动脉硬化;乏力;耳鸣;脑血管供血不足	耳鸣	1
结肠多发管状腺瘤伴高级别上皮内瘤变	结肠良性肿瘤	1
恶性肿瘤生物靶向治疗	恶性肿瘤生物治疗	1
头腹部左侧臀部打伤	被别人殴打、踢、拧、咬或抓伤	1
右肺鳞癌维持性化学治疗	鳞状细胞癌	1
急性移植物抗宿主反应肠道	急性移植物抗宿主病	1
糖尿病低血糖;糖尿病视网膜病变;高脂血症	糖尿病性视网膜病变	1
双肺纹理增粗左下肺纤维索条病变	肺诊断性影像异常	1
"""横结肠癌 肠道出血 缺铁性贫血,叶酸缺乏,乙型肝炎"""	O	1
耳鸣;分泌性中耳炎;鼻中隔偏曲;慢性咽炎;鼻窦炎;头痛;脑血管供血不足;变应性支气管炎	头痛	1
右上肺癌伴全身多发转移（IV期 骨、脑）	骨继发恶性肿瘤	1
右前臂掌背侧肌肉缺血坏死	上肢供血不足	1
双输卵管结扎术后	结扎输卵管绝育	1
卵巢浆液性腺癌IIIC期	卵巢恶性肿瘤	1
慢阻肺肺心病急性发作	慢性阻塞性肺疾病	1
双手烧伤后瘢痕挛缩畸形	瘢痕挛缩	1
左手II-V指部分坏死左上臂皮肤坏死	手坏死	1
慢性重度萎缩伴肠化hp	肠上皮化生	1
乏力，纳差，恶心，胸闷，心梗可能	胸闷	1
直肠隆起型中分化腺癌	腺癌	1
口腔舌尖扁平苔藓	口腔扁平苔癣	1
口底占位性病变	口腔和咽喉部占位	1
A67C67D8龋齿B45楔状缺损	牙齿楔状缺损	1
外周神经损害	多发性神经病[多发性神经炎/周围神经炎]	1
左乳腺导管内乳头状肿瘤	导管内乳头状瘤	1
鞍区肿瘤放疗后	恶性肿瘤放疗	1
左肾低密度影请结合超声除外囊肿	泌尿器官诊断性影像检查的异常所见	1
子宫颈中高分化鳞癌维持性化学治疗	子宫颈恶性肿瘤	1
右肾多发肾结石	肾结石	1
血凝系统功能异常弥漫性血管内凝血可能	凝血功能异常	1
右侧肢体发僵流涎待查	肢体僵硬	1
右侧舌根部鳞状细胞癌伴颈部淋巴结转移术后（T2N1M0）	舌恶性肿瘤	1
宫颈中高分化鳞状细胞癌	子宫颈恶性肿瘤	1
乙状结肠癌肝多发转移原发灶切除术后（T4N1M1 IV期）	转移性癌	1
右肺腺癌，骨转移，化疗，骨破坏	转移性腺癌	1
早孕子宫较大	妊娠状态	1
口腔癌	口腔恶性肿瘤	1
有右侧甲状腺乳头状癌	乳头状癌	1
左下肢扁平苔藓样疹伴皮肤干燥	扁平苔癣	1
外阴鳞癌	外阴恶性肿瘤	1
粒细胞缺乏伴上呼吸道感染	上呼吸道感染	1
乙状结肠癌，肝转移，膀胱转移	膀胱继发恶性肿瘤	1
"""右肺癌,肝脏多发弥漫性结节,双侧肾上腺占位胃溃疡胃酸多,多发骨转移 中重度疼痛,维生素缺乏 咳嗽,化疗止吐 脑转移"""	咳嗽	1
子宫发育不全	子宫发育不全	1
右髌骨骨折内固定术后	髌骨骨折	1
双侧鼻腔鼻息肉	鼻腔息肉	1
腰椎oa心脏病	未特指的心脏病	1
溃疡癌变	溃疡癌变	1
右肺下叶肺占位性病变	肺占位性病变	1
颅脑创伤后意识障碍	头部损伤	1
胸髓萎缩伴空洞	脊髓空洞症	1
"""糖尿病,冠状动脉粥样硬化,糖尿病伴神经并发症,2型糖尿病性周围血管病变"""	糖尿病伴神经系统并发症	1
横结肠符合绒毛状管状腺瘤	管状绒毛状腺瘤	1
泪溢左眼高眼压	泪溢	1
宫颈原位腺癌	原位腺癌	1
左踝创伤性下垂足	足畸形	1
高血压;冠心病心律失常型;支架术后;前列腺增生	冠状动脉支架植入术后状态	1
右肺占位性病变，右肺转移可能	肺占位性病变	1
右肝巨块型肝癌伴肝内转移，门静脉右支癌栓	肝继发恶性肿瘤	1
双肺病灶性质待查炎性可能性大恶性不除外	肺炎	1
食管胃交界溃疡型混合型神经内分	神经内分泌癌	1
右足趾化脓性炎	趾头炎	1
双肾高密度影较前增多	泌尿器官诊断性影像检查的异常所见	1
右颌下腺复发性涎腺混合瘤	多形性腺瘤	1
部分性发作继发全面性发作	癫痫	1
左盂肱关节破坏结核性类风湿性	肩关节结核	1
干燥综合征[舍格伦];胃炎;消化不良;系统性红斑狼疮;贫血;贫血;肾功能不全;骨关节病	消化不良	1
急性移植物抗宿主反应病IV度肝脏肠道	急性移植物抗宿主病	1
右手无力待查	肌无力	1
左肺中分化腺癌(T4N3M1)IV期	腺癌	1
头昏手麻语言吃力反应慢	言语困难	1
右耳中重度混合型聋左耳中重度传导性聋	单侧混合性聋	1
深静脉血栓形成后综合征（左下肢）	下肢深静脉血栓形成	1
原发性肝癌;慢性乙型病毒性肝炎;肝炎后肝硬变;骨转移	骨继发恶性肿瘤	1
自身免疫性甲状腺病亚甲减期	甲状腺功能减退	1
四肢抖动待查低钙脑损伤新生儿良性惊	良性新生儿惊厥	1
多脏器功能障碍呼吸循环肾脏消化血液凝血	多脏器功能障碍综合征[MODS]	1
"""化疗呕吐失眠,小细胞肺癌化疗脑转移癌,白细胞减少抗凝,行动不便便秘高血压,行动不便过敏肝功能异常,反流性食道炎伴溃疡便秘,重度疼痛抗过敏水肿利尿"""	失眠	1
左卵巢子宫内膜样癌化疗后	卵巢恶性肿瘤	1
有右侧甲状腺乳头状癌	甲状腺恶性肿瘤	1
右肺中叶NSCLC	非小细胞癌	1
AECOPD肺心衰右侧包裹性胸水	慢性阻塞性肺疾病急性加重	1
右下唇鳞癌	鳞状细胞癌	1
右斜疝嵌顿	单侧嵌顿性腹股沟斜疝	1
膝关节腘窝囊肿	腘窝囊肿	1
双肺支气管炎可能性大	未特指的支气管肺炎	1
低钾低钠原因待查	低钠血症	1
冠心病高血压病腰腿痛脑血栓	高血压	1
直肠中-高分化腺癌CTXNXM1BIVB期	腺癌	1
"""非霍奇金淋巴瘤 放化疗,胃淋巴瘤,上呼吸道感染,既往乙肝感染,白细胞低下,疼痛,口腔炎"""	疼痛	1
左上肺碘125放射性粒子植入术	放射治疗	1
子宫内膜不典型息肉样腺肌瘤	子宫腺肌瘤	1
胸中段食管鳞癌化疗后	鳞状细胞癌	1
左胫骨中下段骨折术后	胫骨骨折	1
"""乳腺癌改良根治术后,化疗,骨转移,骨质疏松,肝转移,肝损伤"""	癌	1
意义未明单克隆免疫球蛋白血症	意义未明的单克隆丙种球蛋白病	1
殴打致头部左膝部受伤	"""被别人殴打、踢、拧、咬或抓伤"	1
三支血管病变右冠闭塞性病变	冠状动脉闭塞	1
口咽鳞癌化疗后	鳞状细胞癌	1
Z足癣感染药疹	足癣	1
甲状腺腺瘤切除术后	甲状腺良性肿瘤	1
贲门癌并脾静脉癌栓	贲门恶性肿瘤	1
冠状动脉粥样硬化性心脏病;支架植入术后状态;高脂血症;高血压;周围神经病;感冒	冠状动脉粥样硬化性心脏病	1
食管胃交界溃疡型低分化腺癌	腺癌	1
右足扭伤	足部损伤	1
乳腺癌化疗低血象	乳腺恶性肿瘤	1
糖尿病低血糖;糖尿病视网膜病变;高脂血症	高脂血症	1
结膜炎;结膜下出血;白内障术后	白内障	1
咽炎扁桃体炎支气管炎	咽炎	1
食管溃疡型中分化鳞状细胞	鳞状细胞癌	1
去势抵抗前列腺癌	前列腺恶性肿瘤	1
颅内多发缺血性脱髓鞘病变	脱髓鞘病	1
胃肠炎支气管炎复诊	支气管炎	1
粘膜扁平苔藓伴糜烂	扁平苔癣	1
冠心病—心律失常	冠状动脉粥样硬化性心脏病	1
(降结肠)腺瘤性息肉	降结肠息肉	1
干燥综合征[舍格伦];胃炎;消化不良;系统性红斑狼疮;贫血;贫血;肾功能不全;骨关节病	干燥综合征[舍格伦]	1
双眼高眼压左眼散粒肿	高眼压症	1
痔疮伴肛门癣	皮真菌病	1
左额硬膜下血肿非创伤性	非创伤性硬脑膜下血肿	1
非霍奇金淋巴瘤 滤泡性淋巴瘤 3A级 Ⅳ期 A组（累及双锁骨上窝、双腋窝、纵隔心膈角区、腹膜后、盆腔、双腹股沟）ECOG评分3分 A组FLIPI-1 5分 FLIPI-2 3分	盆腔继发恶性肿瘤	1
横结肠造痿术后	结肠造口状态	1
耳廓肿物（纤维瘤）	耳廓良性肿瘤	1
经典型霍奇金淋巴瘤IV期B 结节硬化型  侵及右颈部、双锁骨区、前纵隔、右胸肌间、右腋窝、双侧膈区、左內乳区淋巴结  侵及骨（多发）	结节硬化型经典霍奇金淋巴瘤	1
右腮腺鳞癌放化疗后	恶性肿瘤放疗	1
浮肿原因待查慢性肾脏病可能	水肿	1
脑梗死后出血	脑出血	1
子宫下段横切口剖宫产术	经未特指的剖宫产术分娩	1
腰4-55－骶1椎间盘突膨出	椎间盘突出	1
股四头肌末端病臀上皮神经卡压征	肌病	1
急性脊髓外伤	脊髓损伤	1
额面鼻外伤性疤痕左内眦韧带断裂移位	额部瘢痕	1
周围神经病变壶腹部十二指肠壁导管异位	多发性神经病[多发性神经炎/周围神经炎]	1
右下肺鳞术后（pT4N2M0	肺术后	1
双手抖动原因待查低血糖反应	未特指的低血糖	1
左肺尖气肿纤维灶	肺气肿	1
"""直肠癌 盆腔淋巴结转移 术前放化疗,恶心 呕吐"""	直肠恶性肿瘤	1
非霍奇金淋巴瘤 滤泡性淋巴瘤 3A级 Ⅳ期 A组（累及双锁骨上窝、双腋窝、纵隔心膈角区、腹膜后、盆腔、双腹股沟）ECOG评分3分 A组FLIPI-1 5分 FLIPI-2 3分	纵隔继发恶性肿瘤	1
股二头肌半膜肌半腱肌腓肠肌比目鱼肌断裂	下肢肌肉肌腱断裂	1
外伤;膝关节损伤关节病;失眠	关节病	1
"""食管癌术后pT3N1 放化疗 白细胞低下,恶心呕吐,血小板低,放射性食管炎,疼痛"""	恶性肿瘤术后放疗	1
子宫腺肌症合并子宫肌瘤	子宫平滑肌瘤	1
月经增多原因待查宫内节育环嵌顿	避孕环嵌顿	1
左手拇指皮肤玻璃划伤	玻璃割伤	1
骨髓增殖性肿瘤治疗后	骨髓增生异常性/骨髓增殖性肿瘤(不能分型)	1
右腰5骶1神经根病变	腰骶神经根损害	1
胃十二指肠溃疡伴有穿孔	胃溃疡伴穿孔	1
腹腔非霍奇金淋巴瘤	非霍奇金淋巴瘤	1
双侧骨性关节炎	骨关节病	1
左腰部纤维脂肪瘤术后复发	纤维脂肪瘤	1
四脑室可见寄生虫虫体倾向囊虫症请结合临床	脑囊虫病	1
左大腿被他人踢伤	大腿损伤	1
多发腰椎压缩性骨折	腰椎多发性骨折	1
右乳腺纤维瘤切除术后	乳腺术后	1
食管低分化鳞状细胞癌	鳞状细胞癌	1
甲状腺乳头状癌二次术后复发	甲状腺恶性肿瘤	1
双眼上睑倒睫术后	倒睫	1
下唇部血管角质瘤	唇疾病	1
右肘游离体创伤性OA	肘骨关节病	1
颅骨骨折术后	颅骨骨折	1
左背部肋骨应力性损伤低钙	肋骨骨折	1
外周T细胞淋巴肿瘤	外周T细胞淋巴瘤(非特指型)	1
脾肿大	脾大	1
右肾积水伴肾功能不全	肾功能不全	1
肝门区胆管癌	癌	1
化疗后白细胞下级	白细胞减少	1
右腹股沟淋巴结转移性低分化鳞癌	转移性鳞状细胞癌	1
绒癌化疗后	绒毛膜癌	1
黄斑变性注药术后	黄斑变性	1
药疹待排病毒疹	药物性皮炎[药疹]	1
肾上腺神经节母细胞瘤术后复发（IV期）	恶性肿瘤复发	1
停经28周B超提示胎儿双侧肾盂分离	孕28周	1
慢性心功能衰竭原因待查心功能Ⅱ级	慢性心力衰竭	1
鼻窦继发癌	鼻窦继发恶性肿瘤	1
食管下段Barrett食管局灶轻度异型	巴氏食管	1
膝关节滑膜皱襞	膝关节滑膜皱襞综合征	1
卵巢癌个人史	卵巢恶性肿瘤史	1
右下肢浅静脉曲张术后	静脉曲张术后	1
喉咽癌化疗后	癌	1
左侧肾盂癌	癌	1
胎盘疾病胎盘低置状态	低置胎盘	1
皮肤异色病样扁平苔藓LE	扁平苔癣	1
右肺鳞癌 cT4N3M1 Ⅳ期	淋巴结继发恶性肿瘤	1
脑转移瘤切除术后	转移性肿瘤	1
CINII级累及腺体可见挖空细胞	宫颈上皮瘤样病变[CIN]II级	1
子宫内膜癌术后 肺部结节不排除转移	肺继发恶性肿瘤	1
早泄腰痛及右睾丸	腰痛	1
右肺低分化鳞状细胞癌	右肺恶性肿瘤	1
甲状腺左叶乳状ca术后局部复发	甲状腺术后	1
冠状动脉粥样硬化(狭窄)	冠状动脉粥样硬化	1
子宫前壁浆膜下肌瘤	子宫平滑肌瘤	1
结肠肝曲结肠脾区管状腺瘤部分腺体较增生	结肠脾曲良性肿瘤	1
额骨小骨瘤	额骨良性肿瘤	1
卵巢高级别浆液性乳头状癌IIIc期术后	卵巢术后	1
胸9锥体放疗后	放射治疗	1
胸12腰2腰4陈旧压缩改变	陈旧性腰椎骨折	1
"""食管癌抗过敏,胃镜检查预防出血,抗过敏化疗肝损伤,化疗预处理,水肿利尿,化疗呕吐,反流性食道炎伴溃疡"""	反流性食管炎	1
右腹股沟淋巴结转移性低分化鳞癌	腹股沟淋巴结继发恶性肿瘤	1
双侧卵巢高级别浆液性腺癌	卵巢恶性肿瘤	1
认知功能减退原因待查副肿瘤综合征	认知障碍	1
原发性肝癌伴门静脉癌栓	门静脉瘤栓	1
左乳腺导管内乳头状肿瘤	乳腺良性肿瘤	1
脑血管病/上呼吸道感染	脑血管病	1
原发性甲状腺功能减退症（甲状腺囊肿术后甲减）	甲状腺囊肿	1
肺癌(骨转移)	转移性癌	1
颈45不稳伴退变	颈椎退行性病变	1
缺锌重轻度缺铁胃口睡眠差	睡眠障碍	1
中度脾肿大	脾大	1
耵聍嵌塞	外耳道耵聍栓塞	1
脾脏慢性淤血性脾肿大病理号2581517	脾大	1
睑分裂痣	眼睑黑色素痣	1
预防乙肝	其他特指的预防措施	1
颞叶内侧脑组织局部胶质细胞轻度增生	脑胶质细胞增生	1
火焰烧伤左手	手部烧伤	1
胼胝体及双侧侧脑室后角异常信号影	"""颅骨和头诊断性影像检查的异常所见,不可归类在他处者"""	1
右侧乳房溢血	乳头溢液	1
"""上腹胀痛待查，左肺上叶磨玻璃结节,结肠多发息肉 肠镜检查,胃镜检查,预防出血,结肠镜下息肉电切，预防出血,甲状腺癌,胃溃疡"""	上腹痛	1
盆腔粘液性肿瘤	盆腔良性肿瘤	1
右示指皮肤缺失皮肤软组织缺失	皮肤缺损	1
左输尿管中段结石伴左肾积水感染	肾积水	1
"""右肺腺癌,纵隔淋巴结转移,左肾上腺转移"""	纵隔淋巴结继发恶性肿瘤	1
左膝挫裂伤	下肢撕裂伤	1
关节退行性改变	骨关节病	1
肝损伤(肝功能损害)	肝功能异常	1
"""乳癌术后骨转移 严重骨质疏松 ,肝损伤癌性疼痛"""	癌性疼痛	1
"""小细胞肺癌晚期化疗,水肿利尿便秘食欲减退,肝功能损害肺部感染,咳嗽行动不便疼痛"""	小细胞癌	1
"""高血压病,糖尿病,冠心病，皮炎,心律失常,泌尿道感染"""	糖尿病	1
咳嗽(感染后)	咳嗽	1
头面部瘀伤	面部损伤	1
胆管癌：重度贫血	胆管恶性肿瘤	1
右侧髋臼炎症	髋关节炎	1
右侧肾盂癌	癌	1
流产后延迟出血	流产后出血	1
耳聋病;耵聍栓塞	耳聋	1
婴幼儿肝细胞癌	肝母细胞瘤	1
直肠癌5cm，术前放疗	直肠恶性肿瘤	1
酒精火焰烧伤双上肢	上肢烧伤	1
左颈内动脉动脉瘤	颈内动脉瘤	1
慢性肾脏病矿物质及骨代谢异常	慢性肾病	1
扩张型心肌病心律失常：持续性室速慢性心功能不全NYHAIII-IV级	心功能III级(NYHA分级)	1
直肠癌术后回肠造口还纳术	直肠术后	1
肥胖症	肥胖	1
肿瘤骨转移胃炎	骨继发恶性肿瘤	1
甲状腺乳头状微小癌	乳头状微小癌	1
腓总神经炎	下肢单神经炎	1
腰椎双膝骨关节病行动不便肌肉关节痛颈椎病	腰椎病	1
腰椎双膝骨关节病行动不便肌肉关节痛颈椎病	肌痛	1
扁桃体炎，腹泻病，支气管炎;	O	1
"""食管癌术后pT3N1 放化疗 白细胞低下,恶心呕吐,血小板低,放射性食管炎,疼痛"""	白细胞减少	1
第1-2趾表面皮肤软组织割伤	趾部开放性损伤	1
胸髓病变并不全性截瘫	截瘫[双下肢瘫痪]	1
慢性肾脏病骨与矿物质紊乱	慢性肾病	1
脐部窦道	脐窦	1
纵隔癌	纵隔恶性肿瘤	1
粘膜下平滑肌瘤	平滑肌瘤	1
妊娠39+2周，孕2产1，单活胎，头位，临产	孕39周	1
隐性骶裂骶1隐裂	先天性腰骶椎隐裂	1
阴道恶性黑色素瘤	恶性黑色素瘤	1
双眼泡性结膜炎，左眼结膜结石	结膜结石	1
晚孕单肾	妊娠状态	1
肛管直肠腺癌放化疗后	肛管恶性肿瘤	1
真菌性眼内炎	感染性眼内炎	1
妊娠期亚临床甲状腺功能减退	妊娠状态	1
B超提示胎儿单脐动脉双侧肾窦轻度分离	胎儿单脐动脉	1
"""食管癌,化疗呕吐反流性食管病,低钾血症水肿,行动不便,白细胞低,咳嗽"""	食管恶性肿瘤	1
急性髓系白血病; 异基因造血干细胞移植术	造血干细胞移植状态	1
右乳导管内乳头状瘤切除术术后	导管内乳头状瘤	1
糖尿病右下肢坏疽	糖尿病性坏疽	1
结核性胸膜炎并胸腔积液	结核性胸膜炎	1
十二指肠T细胞淋巴肿瘤	肠淋巴瘤	1
3胸腹部肿瘤	胸部肿瘤	1
双胎之一羊水增多胎儿肠管扩张	妊娠合并羊水过多	1
1021咽拭子病毒筛查示EV71病毒阳性	手足口病	1
颈椎间盘脱出	颈椎间盘突出	1
脑梗死;冠状动脉粥样硬化性心脏病;心绞痛;脑动脉硬化	冠状动脉粥样硬化性心脏病	1
宫颈中分化鳞癌Ⅱb期放疗后	鳞状细胞癌	1
特指胎盘疾病胎盘低置状态羊水减少	低置胎盘	1
足部筋膜劳损	足的其他和未特指部位的扭伤和劳损	1
1.宫颈鳞癌Ⅱb期 T2bN0M0，2.双侧胸腔积液 双侧颈部淋巴结转移，3.肺内占位性病变性质待查，4.甲状腺结节，性质待定，5.心律失常 房早 短阵房速，6.恶病质，7.肺内感染，8.低钾血症，高钠血症	子宫颈恶性肿瘤	1
宫颈上皮内低级别病变CINI级	子宫颈上皮瘤样病变[CIN]I级	1
结肠癌，上感，肠炎	癌	1
右膝关节面软骨损伤	膝关节损伤	1
继发不孕慢性输卵管管炎盆腔子宫内膜异	继发不孕	1
右踝距骨舟骨跖骨异常型号骨梗死可能	骨坏死	1
肾透明细胞癌术后	肾恶性肿瘤	1
子宫内膜癌 慢支 化疗中	化学治疗	1
脾虚大便不调痹症高尿血酸血症	大便习惯改变	1
乳腺癌术后左颈部淋巴结肿大	癌	1
三踝骨折术后	三踝骨折	1
左侧胸部贯通枪伤	胸部开放性损伤	1
升结肠腺癌维持性化学治疗	腺癌	1
外阴痒外阴炎霉菌阴道炎	外阴瘙痒(症)	1
头颈肩胸损伤	头部损伤	1
"""左卵巢高级别浆液性癌,甲状腺功能低下,失眠 关节疼痛,严重骨质疏松,失眠,便秘"""	重度骨质疏松	1
B淋巴母细胞性淋巴瘤4期	B淋巴母细胞性白血病/淋巴瘤	1
COPD肺心病抗病毒治疗免疫功能低	慢性阻塞性肺疾病	1
T12L1后缩性骨折	腰椎骨折L1	1
诺卡菌病肺皮肤骨	皮肤诺卡菌病	1
头皮疖肿低钙	钙代谢紊乱	1
耳廓部分离断	耳廓开放性损伤	1
眼袋风湿性拇外翻	足拇外翻	1
子宫平滑肌瘤，伴腺瘤样瘤性平滑肌瘤和腺肌症；增生期样子宫内膜；慢性宫颈炎。	子宫内膜增生	1
"""宫颈癌 肠镜检查 肠道准备 肠镜麻醉,焦虑抑郁状态伴失眠，神经痛"""	失眠	1
胫骨平台骨折术后	骨折术后	1
"""乳腺癌改良根治术后,化疗,骨转移,骨质疏松,肝转移,肝损伤"""	肝损伤	1
心肌缺血心功能降低	心肌供血不足	1
周围性神经病	多发性神经病[多发性神经炎/周围神经炎]	1
鼻后滴漏综合征	鼻窦滴漏综合征	1
急性化脓性扁桃体炎，喘息性支气管炎	急性喘息性支气管炎	1
"""阴道炎,要求取环,月经不调,痛经,子宫腺肌症,盆腔炎"""	痛经	1
直肠腺瘤伴低度上皮内瘤变	直肠良性肿瘤	1
"""梗阻性黄疸：胆总管占位？,胆囊占位"""	胆囊占位性病变	1
右腹膜后神经母细胞瘤Ⅳ期术后化疗（高危组）	腹膜后恶性肿瘤	1
双侧慢性鼻窦炎鼻息肉	鼻息肉	1
右肺中下叶鳞癌	右肺中下叶恶性肿瘤	1
精神运动发育迟缓代谢病	发育迟滞	1
疤痕子宫腹腔镜下子宫腺肌症切除术	子宫术后	1
周围性眩晕	其他周围性眩晕	1
传单反复扁桃体发炎	扁桃体炎	1
肾功能不全;支气管炎;免疫缺陷病;冠心病	免疫缺陷	1
颈胸椎多发性病变伴四肢不全瘫	未特指的四肢瘫痪	1
HL经典型结节硬化型IIB期化疗后	结节硬化型经典霍奇金淋巴瘤	1
先天性右室双出口	右心室双出口	1
浮肿原因待查慢性肾脏病可能	慢性肾病	1
右股骨颈骨折取除骨折内固定装置	取出骨折内固定装置	1
盲肠粪石嵌顿穿孔	粪便嵌塞	1
右半结肠Crohn氏病	结肠克罗恩病	1
前额蜂蜇伤	蜂螫伤	1
左肺非小细胞肺癌Ⅳb期 cT4 N2 M1c 化疗	化学治疗	1
腹膜癌术后检查	恶性肿瘤手术后的随诊检查	1
"""行动不便,慢性失眠,消化不良,呕吐,胃溃疡、反酸咽喉肿痛,感冒咽炎咳嗽咳痰,便秘,重度骨关节炎"""	失眠	1
膝关节疼痛待查游离体	膝关节痛	1
1.大便异常待诊：肠肿瘤？直肠炎？炎症性肠病？	直肠炎	1
膀胱乳头状尿路上皮癌	乳头状尿路上皮癌	1
甲状腺乳头状微癌	乳头状微小癌	1
右卵巢高级别浆液性癌	浆液性癌	1
乙状结肠癌术后复查 慢支 化疗	乙状结肠恶性肿瘤	1
肺炎并肺不张	肺炎	1
脑内多发腔隙灶老年性脑改变	腔隙性脑梗死	1
左下肢髂总静脉嵌压	髂总静脉压迫综合征[Cockett综合征]	1
少许硬膜下血肿亚急性晚期-慢性期	硬膜下血肿	1
Ｂ型血友病[克里斯马斯病]	B型血友病	1
肝郁气阴虚ＯＡ复诊	骨关节病	1
左胫骨平台开放性粉粹性骨折伴骨质部分缺损	胫骨骨折	1
腰椎管狭窄症：L4/5椎间盘突出；	腰椎间盘突出	1
左眼小柳－原田氏病	Vogt-小柳原田综合征	1
"""心律失常胆汁反流性胃炎,乳腺增生,咳嗽待查（肺小结节）,腹部不适,胃镜检查，肠镜检查"""	乳腺增生	1
特发性肺动脉高血压	原发性肺动脉高压	1
支喘急发期中度发作	支气管哮喘急性发作(中度)	1
上肢恶性黑色素瘤	恶性黑色素瘤	1
胃癌(伴转移)	癌	1
胃体低分化腺癌伴印戒细胞癌IV期	胃体恶性肿瘤	1
格林巴利综合征？高位脊髓病变？低钾？	脊髓病	1
低鼻畸形	鞍鼻	1
回盲部溃疡型中分化腺癌	腺癌	1
胆囊管结石伴胆囊炎	胆囊炎	1
"""宫颈鳞癌IIb放化疗,化疗止吐保心保肝脱水利尿,消化不良，食欲减退，咳嗽咳痰"""	食欲不振	1
纵膈、左肺门淋巴结转移胸膜转移不除外	纵隔淋巴结继发恶性肿瘤	1
人类免疫系统缺陷病毒初筛阳性	人类免疫缺陷病毒阳性[HIV阳性]	1
风湿性心瓣膜狭窄	风湿性心脏病	1
毛细血管扩张光老化斑	毛细血管扩张症	1
四肢肌力下降原因待查格林巴利综合症	吉兰-巴雷综合征	1
"""右肺大细胞癌,骨转移,纵隔淋巴结转移,锁骨上淋巴结转移,刺激性咳嗽"""	骨继发恶性肿瘤	1
胃癌?胃镜检查，预防出血	癌	1
送检瘘管内衬复层鳞状上皮符合腮裂瘘管改变	鳃裂瘘	1
宫颈II级	宫颈上皮瘤样病变[CIN]II级	1
腰4骨破坏	骨质破坏	1
CHB后硬化	乙型肝炎肝硬化	1
狂犬疫苗后急性播散性脊髓膜炎	疫苗接种后脑脊髓炎	1
右足犬抓伤	被狗抓伤	1
"""宫颈鳞癌IIb放化疗,化疗止吐保心保肝脱水利尿,消化不良，食欲减退，咳嗽咳痰"""	咳嗽	1
糖尿病糖尿病肾病糖尿病性视网膜病变	糖尿病性视网膜病变	1
外阴阴道赘生物	外阴息肉	1
妊5产2妊326周臀头位	妊娠状态	1
壶腹腺癌	法特壶腹恶性肿瘤	1
冠状动脉微小血管综合症	X综合征	1
便秘;结膜炎;慢性喘息性支气管炎;胃炎;冠心病心律失常型	冠心病心律失常型	1
慢性胆囊炎并胆囊多发结石	胆囊结石伴慢性胆囊炎	1
支气管肺炎、轮状病毒肠炎、心肌损害？	支气管肺炎[小叶性肺炎]	1
纵膈双侧锁骨下腹腔及腹膜后淋巴结多发转	腹膜后淋巴结继发恶性肿瘤	1
胸101112椎骨质破坏待查伴不全瘫	骨质破坏	1
膀胱微乳头型尿路上皮癌	乳头状尿路上皮癌	1
表皮下水疱	身体浅表水疱	1
右眼视障待查缺血	眼动脉缺血	1
宫颈鳞癌ⅢB期放化疗后	鳞状细胞癌	1
(GMXS)慢性肾脏病，ckd5期	"""慢性肾脏病,5期"""	1
"""食管胃交界腺癌放化疗,血小板降低,白细胞降低,化疗,HER2(1+),PDL-1(强+约10%），EGFR(3+),MSS。"""	腺癌	1
左侧泌尿系结石碎石后，腰疼待查;	泌尿系结石	1
慢性浅表性胃炎并糜烂	糜烂性胃炎	1
双侧听力重度损害	听功能障碍	1
原发不孕单角子宫	单角子宫	1
右上肺小细胞肺癌脑、骨转移 广泛期	右肺上叶恶性肿瘤	1
右乳浸润性导管癌ⅡB期(pT2N1M0)改良根治术	乳腺恶性肿瘤	1
右肺中分化鳞癌术后 右肺转移？	转移性鳞状细胞癌	1
摔倒于乱石堆上致鼻部上唇软组织不完全撕脱	跌倒	1
胃角早期胃癌	胃恶性肿瘤	1
手术后状态(右颞顶部螺旋腺瘤切除术后)	其他特指的手术后状态	1
乙状结肠癌术后，，淋巴结转移，，呕吐，化疗肠镜检查	淋巴结继发恶性肿瘤	1
右足拇趾甲下黑色素	色素沉着其他特指的疾患	1
小脑蚓部髓母细胞瘤术后	脑术后	1
左乳浸润性导管癌 pT2N2M0 III期	淋巴结继发恶性肿瘤	1
肿瘤(?)	性质未特指的肿瘤	1
肝功受损特纳综合症	肝功能异常	1
右上肺周围型低分化腺癌Ⅳ期	右肺上叶恶性肿瘤	1
鼻部面部多处抓伤	面部开放性损伤	1
颈部前胸部猫抓伤	颈部开放性损伤	1
右肺腺癌，骨转移，化疗，骨破坏	骨继发恶性肿瘤	1
痹症腰腿痛手麻木感冒前列腺肥大	前列腺增生	1
右颌下静脉畸形	血管畸形	1
左侧后腹膜考虑Castleman病	Castleman病	1
上肢动静脉瘘	动静脉瘘	1
"""左乳肿物,乳腺癌"""	乳腺恶性肿瘤	1
左肘疤痕挛缩伴功能受限	瘢痕挛缩	1
右肾盂及输尿管扩张积水	输尿管积水	1
乙状结肠粘液腺癌伴梗阻、肝转移 pT4N0M1 IVa期	转移性粘液腺癌	1
甲状腺乳头状微小癌术后	甲状腺恶性肿瘤	1
卵巢交界瘤术后复发	卵巢交界性肿瘤	1
子宫内膜癌内分泌治疗后	癌	1
腰僵三年强脊炎	强直性脊柱炎	1
宫颈非角化型鳞状细胞癌	子宫颈恶性肿瘤	1
眼裂小待查	睑裂狭小	1
左结节性甲状腺肿 右甲状腺癌	结节性甲状腺肿	1
左眼视网膜毛细血管前小动脉阻塞	其他视网膜动脉阻塞	1
右肾母细胞瘤化疗后	肾母细胞瘤	1
精神发育不良	精神发育迟滞	1
左颈部腮裂囊肿改变	鳃裂囊肿	1
处女膜破裂出血	出血	1
舌下神经瘤	神经瘤	1
原发性中枢神经系统淋巴瘤放化疗后	化学治疗	1
胸4脊髓肿瘤放疗后	胸髓恶性肿瘤	1
胃底-贲门浸润性病变恶性病变未排除	胃底及贲门恶性肿瘤	1
停经宫内囊样结构待查	停经	1
右肺上叶支气管新生物性质待查炎性病灶	支气管炎	1
球菌性龈口炎	口炎	1
停经202周B超提示胎儿右侧胸腔异常回声	妊娠状态	1
左输尿管中段结石伴左肾积水感染	输尿管结石	1
冠心病高血压贫血高脂血症胃炎脑梗塞便秘脂肪肝心律失常上呼吸道感染	高血压	1
绝经后双乳增生	绝经期	1
鼻咽右侧壁未分化型非角化性癌	鼻咽侧壁恶性肿瘤	1
上下前牙唇倾牙列拥挤正畸牙拔除术	牙齿拥挤	1
右眼人工晶体眼；右眼角膜白斑	人工晶体植入状态	1
腰椎椎体内异常密度影原因	其他特指身体结构诊断性影像检查的异常所见	1
T细胞淋巴组织增殖性疾病1级增生性	淋巴细胞增殖性疾病	1
右乳伤口愈合不良	乳房开放性损伤	1
陈旧性会阴3度撕裂阴道前后壁膨出2度	陈旧性会阴裂伤	1
"""直肠癌术后,腰痛,失眠,高血压,冠状动脉性心脏病"""	高血压	1
左侧髂窝囊性占位	骨盆部囊肿	1
"""食管癌抗过敏,胃镜检查预防出血,抗过敏化疗肝损伤,化疗预处理,水肿利尿,化疗呕吐,反流性食道炎伴溃疡"""	食管恶性肿瘤	1
不完全右束支阻滞并左前分支阻滞	左前分支传导阻滞	1
大疱性表皮松解萎缩坏死型药疹	莱尔综合征[lyell综合征]	1
胃窦管状腺癌根治术后(pT4N	胃术后	1
"""非霍奇金淋巴瘤,上腔静脉压迫综合征,化疗期间,肝功能损害,白细胞减少,静脉血栓形成,上呼吸道感染，咳嗽"""	静脉血栓形成	1
活检病理横结肠管状腺瘤I级	管状腺瘤	1
颈部刀刺伤	颈部开放性损伤	1
妊娠瘙痒闰（妊娠合并肝内胆汁淤积症）	妊娠期肝内胆汁淤积症	1
降结肠低级别管状腺瘤	降结肠良性肿瘤	1
慢性乙肝病毒性肝炎（活动期）	慢性乙型病毒性肝炎	1
乏力，肝异常回声区	乏力	1
房间隔膨出卵园孔未闭	卵圆孔未闭	1
急性轻型胆源性胰腺炎	胆源性胰腺炎	1
咽喉炎，感冒;右侧肺炎，糖尿病	糖尿病	1
1肺癌骨转移；2截瘫	肺恶性肿瘤	1
左手多处皮肤划伤	多处皮肤浅表损伤	1
文身	纹身	1
双侧卵巢中低分化腺癌IIb2期	腺癌	1
右肺小细胞癌Ⅳ期	右肺恶性肿瘤	1
颈内颅内段动脉血管多发狭窄并斑块形成	颈内动脉斑块	1
右侧睾丸未降？	睾丸未降	1
左肺肺炎	肺炎	1
喉癌治疗后的随诊检查	恶性肿瘤治疗后的随诊检查	1
贲门浅表溃疡型低分化腺癌	贲门恶性肿瘤	1
急性广泛前壁ST段抬高型心肌梗	急性ST段抬高型心肌梗死	1
非酒精性单纯性脂肪性肝病	脂肪肝	1
双侧乳糜血尿	乳糜尿	1
面部粟粒疹尿布疹	粟疹	1
唇部过敏	唇炎	1
右肺腺癌 cT4N3M1c IV期免疫+靶向治疗	淋巴结继发恶性肿瘤	1
双卵巢白体右输卵管慢性炎伴管腔扩	输卵管狭窄	1
维生素A缺乏干眼症	维生素A缺乏干眼症	1
双侧腓胫动脉不全闭塞	胫动脉闭塞	1
左手麻木伴右腿无力待查	肌无力	1
右侧第45前肋及第6后肋骨质破坏性质待查	骨质破坏	1
慢性胆囊结石胆囊炎	胆囊结石伴慢性胆囊炎	1
"""食管胃交界腺癌放化疗,血小板降低,白细胞降低,化疗,HER2(1+),PDL-1(强+约10%），EGFR(3+),MSS。"""	化学治疗	1
1.左内外踝骨折	内踝骨折	1
右肺癌靶向治疗	右肺恶性肿瘤	1
右侧腹股沟疝成形术后	单侧腹股沟疝	1
先天性喉哮鸣	先天性喉喘鸣	1
肝癌冷冻术后/乙肝肝硬化	肝恶性肿瘤	1
脑血管病; 高脂血症;免疫功能低下 支气管炎	脑血管病	1
高血压脑动脉硬化所致	高血压	1
"""上呼吸道感染、发热、咳嗽咳痰,行动不便,纳差"""	上呼吸道感染	1
妊娠期糖尿病G4P1孕39+4周待产LOA	妊娠期糖尿病	1
子宫颈鳞癌联合治疗后的随诊检查	子宫颈恶性肿瘤	1
血CA125CA199铁蛋白升高原因	CA125升高	1
"""行动不便,SLE，,上呼吸道感染、发热、咳嗽咳痰,咽痛,慢性便秘,高脂血症,高血压,预防血栓,肝肾阴虚、腰膝酸软"""	系统性红斑狼疮	1
右卵巢子宫内膜样腺癌	子宫内膜样腺癌	1
宫颈粘液性腺癌IB1期术后	子宫术后	1
宫颈CIN2级阴道前后壁膨出	宫颈上皮瘤样病变[CIN]II级	1
胃贲门低分化腺癌	腺癌	1
卵巢乳头腺液性腺癌术后	卵巢恶性肿瘤	1
胃窦溃疡型中低分化腺癌	胃窦恶性肿瘤	1
胃癌化疗后/恶心食欲不振	癌	1
下唇黏膜扁平苔藓伴轻糜免疫异常	口腔扁平苔癣	1
左侧跟骨外侧及内踝下方撕脱性骨折	内踝骨折	1
为妊娠伴有卵巢囊肿给予的孕产妇医疗	卵巢囊肿	1
"""宫颈癌 肠镜检查 肠道准备 肠镜麻醉,焦虑抑郁状态伴失眠，神经痛"""	神经痛	1
口腔舌尖扁平苔藓	舌扁平苔癣	1
左乳癌可疑肺M，CT3N2Mx luminal B2	乳腺恶性肿瘤	1
腰痛(泌尿系统结石?)	泌尿系结石	1
电解质代谢紊乱低钾低钠低氯血症	低氯血症	1
食管贲门低分化鳞癌并下颈部锁骨上淋巴结等转移	食管恶性肿瘤	1
"""右乳癌术后 右上纵隔肿物,准备穿刺,气管镜检查,预防出血"""	乳腺恶性肿瘤	1
乳腺癌手术	乳腺术后	1
双侧额叶基底节区多发腔隙性缺血梗塞灶	基底节脑梗死	1
梗死KillipII级陈旧性正后壁	陈旧性正后壁心肌梗死	1
双卵巢中分化腺癌	卵巢恶性肿瘤	1
急性脑梗死右侧颞顶枕叶梗死	脑梗死	1
结肠肿物术后	结肠术后	1
上颌窦腺样囊性癌多发转移	上颌窦恶性肿瘤	1
化疗后肝功能下降	化疗药物反应	1
非重症免疫相关性血三系减少症	免疫相关性血细胞减少症（IRP）	1
首诊房颤	心房颤动[心房纤颤]	1
甲状腺滤泡性癌	甲状腺恶性肿瘤	1
肝细胞变性肝细胞及毛细胆管广泛淤胆	胆汁淤积症	1
腰椎病变伴坐骨神经痛	腰椎病	1
中分化腺癌	腺癌	1
右半结肠隆起型中分化癌侵及粘膜下层	结肠恶性肿瘤	1
下肢上皮样肉芽肿性病变伴凝固性坏死右大腿	肉芽肿	1
肝继发性恶性肿瘤介入治疗	肝继发恶性肿瘤	1
严重脓毒血症并多脏器功能不全	多脏器功能障碍综合征[MODS]	1
纵膈积气积血	纵隔血肿	1
乙型肝炎表面抗原携带者	乙型病毒性肝炎表面抗原携带者	1
左足伤口不愈合	足部开放性损伤	1
冠心病心绞痛型缺血性心肌病	心绞痛	1
妊娠性瘙痒症	妊娠状态	1
肝胆管占位	胆管占位性病变	1
1.肝癌综合治疗后复发； 2.慢性乙肝	肝恶性肿瘤	1
前列腺癌T3N0M0	癌	1
重度疼痛胰腺癌	癌	1
颈椎损伤伴不全瘫	不完全性瘫痪	1
完全性肺静脉异位引流心下型无梗阻	"""完全性肺静脉异位引流,心下型"""	1
双乳纤维腺瘤合并纤维囊性乳腺病	乳房纤维囊性乳腺病	1
膀胱癌新辅助性化疗	化学治疗	1
左乳腺溢血待查	乳头溢液	1
手指肌断裂(术后)	手部肌肉肌腱断裂	1
停经25周B超提示胎儿之一隔离肺	孕25周	1
变态反应性肠病	变态反应	1
右外耳道乳头状瘤	乳头状瘤	1
中耳炎(伴急性结膜炎)	急性结膜炎	1
"""肝细胞性肝癌术后,慢性乙型肝炎活动期,血小板减低,脾功能亢进"""	血小板减少	1
急性下壁心肌梗死恢复期	急性下壁心肌梗死	1
阴囊阴茎派杰病	阴囊恶性肿瘤	1
肺鳞状细胞癌	肺恶性肿瘤	1
睾丸未发育性腺低功	先天性睾丸发育不良	1
乳腺多发纤维腺瘤	乳腺良性肿瘤	1
右足开水烫伤	沸水烫伤	1
糖尿病肾病;反流性食管炎	糖尿病性肾病	1
发热(肺部感染?)	肺部感染	1
特指大便异常直肠病变	其他大便异常	1
左小腿开放性伤口愈合不良	开放性损伤愈合不良	1
名称子宫下段剖宫产术	无指征剖宫产的单胎分娩	1
腰3-5间盘膨出骶管巨大囊肿	椎管囊肿	1
乳腺paget病待除外	乳房佩吉特病	1
结肠梗阴小肠功能缺失完全不能进食	结肠梗阻	1
右耳轻度混合型聋左侧中度传导性聋	单侧传导性聋	1
低钠低氯血症	低钠血症	1
新生儿基底节阴影待查	头部诊断性检查异常	1
中段食管癌	食管中三分之一的恶性肿瘤	1
失代偿性呼吸性合并代谢性酸中毒	代谢性酸中毒	1
重型颅脑损伤术后2颅内感染	颅内感染	1
"""毛表皮痣?,皮脂腺痣?"""	毛痣	1
髓性脂肪瘤	骨髓脂肪瘤	1
左眼带状疱疹	带状疱疹眼病	1
"""直肠癌晚期,肝转移，化疗"""	直肠恶性肿瘤	1
右乳多发纤维腺瘤	乳腺良性肿瘤	1
右耳中重度听力损失左耳极重度听力损失	未特指的听觉丧失	1
肝囊肿(术后)	肝囊肿	1
肺心病心衰肺脑	肺源性心脏病	1
会阴裂伤I度裂伤	会阴部裂伤	1
左房左室肥大左室舒张功能减退	心室肥大	1
右肺小细胞癌维持性化学治疗	恶性肿瘤维持性化学治疗	1
卵巢成熟性囊性畸胎瘤伴神经胶质成分	成熟型囊性畸胎瘤	1
软骨钙沉着其他的	软骨钙质沉着病	1
乙状结肠中分化腺癌	乙状结肠恶性肿瘤	1
左侧胫骨远端外侧踝及腓骨撕脱性骨折	腓骨骨折	1
多发脑腔隙灶右脉络膜裂小囊肿	颅内囊肿	1
右颈神经鞘瘤	颈部周围神经和自主神经良性肿瘤	1
肩胛骨软骨肉瘤	肩胛骨恶性肿瘤	1
摔倒于乱石堆上致鼻部上唇软组织不完全撕脱	鼻部开放性损伤	1
糖尿病性胃肠植物神经病变	糖尿病性自主神经病	1
直肠癌术后复查;回肠造口术后	回肠造口状态	1
右踝关节开放性骨折伴脱位	踝关节脱位	1
右乳浸润性导管癌伴肝脏转移	转移性导管癌	1
回盲部低分化腺癌	回盲部恶性肿瘤	1
乙状结肠管状腺瘤伴低度上皮内瘤变	乙状结肠良性肿瘤	1
猩红热心肌炎	猩红热	1
干眼病(结膜干燥)(重度)	干眼症	1
AECOPD肺心衰右侧包裹性胸水	心力衰竭	1
头部疤痕性秃发	瘢痕性脱发[瘢痕性毛发缺失]	1
前列腺腺泡癌	腺泡癌	1
背部擦伤	躯干浅表擦伤	1
右股骨骨样骨瘤	骨样骨瘤	1
T12L1后缩性骨折	腰椎压缩性骨折	1
"""卵巢癌术后,盆腔复发?"""	卵巢术后	1
甲状腺癌术后 左侧颈部淋巴结肿大	甲状腺恶性肿瘤	1
肝癌，化疗后血细胞低下	癌	1
1.肝癌综合治疗后复发； 2.慢性乙肝	恶性肿瘤复发	1
右输尿管结石伴右肾积液	肾积水伴输尿管结石	1
1语言发育落后2智力发育落后	发育迟滞	1
胃窦隆起管状腺瘤	胃良性肿瘤	1
"""慢性气管炎,高血压,冠心病,重度骨关节病,失眠,行动不便,"""	高血压	1
白细胞血小板继发性减少症	继发性血小板减少	1
粒细胞减少症 幼儿急疹	中性粒细胞减少症	1
"""乳癌术后骨转移 严重骨质疏松 ,肝损伤癌性疼痛"""	转移性癌	1
双下肢胀痛	下肢疼痛	1
左踝和左足条索状疤痕左踝关节强直	踝关节强硬	1
腕部肌筋膜劳损	腕部劳损	1
耳鸣;分泌性中耳炎;鼻中隔偏曲;慢性咽炎;鼻窦炎;头痛;脑血管供血不足;变应性支气管炎	支气管炎	1
胆总管狭窄，塑料支架术后	胆总管狭窄	1
输尿管结石碎石取石术后	输尿管结石	1
胃食管结合部癌综合治疗后吻合口复发	恶性肿瘤复发	1
主动脉瓣及二尖瓣退行性	二尖瓣退行性变	1
右上肢尺桡骨折	尺骨骨折	1
宫颈肥厚	子宫颈肥大	1
3颈胸腰椎体退行性改	腰椎退行性病变	1
食管颈段鳞状细胞癌	鳞状细胞癌	1
右卵巢高级别浆液性癌IIA期	浆液性癌	1
左腋窝淋巴结增生性病变	腋下淋巴结肿大	1
甲状腺癌术后复发并气管内侵犯	恶性肿瘤复发	1
乳腺癌术后左颈部淋巴结肿大	乳腺术后	1
妊娠滋养细胞肿瘤第八次化疗	化学治疗	1
右眼全周房角劈裂后退	前房后退[房角后退]	1
"""食管鳞癌术后,高血压,白细胞低下,放疗呕吐、食欲下降,成人不能进食,咳嗽、痰不易咳出"""	咳嗽	1
结肠癌，上感，肠炎	肠炎	1
泌乳综合征[福－奥二氏综合征]	停经泌乳综合征	1
扁平苔藓乳房Paget	乳房佩吉特病	1
右肾透明细胞癌右肾肿瘤	肾恶性肿瘤	1
冠心病心房纤颤高血压头痛	冠状动脉粥样硬化性心脏病	1
"""非霍奇金淋巴瘤，NK/T细胞淋巴瘤,侵及左鼻腔及副鼻窦,鼻咽镜检查活检，局麻预防出血,化疗后骨髓抑制，白细胞减低,关节痛"""	鼻窦继发恶性肿瘤	1
骨癌	骨恶性肿瘤	1
碱性药物灼伤11%浅Ⅱ度四肢主治	上肢腐蚀伤	1
急性淋巴细胞白血病(急性B淋巴细胞白血病)	B细胞急性淋巴细胞白血病	1
右侧小脑半球脑梗死	小脑梗死	1
"""上呼吸道感染、发热、咳嗽咳痰,咽痛、牙痛,行动不便,过敏性鼻炎"""	牙痛	1
贫血血小板高2周	血小板增多	1
左前臂犬咬伤	前臂开放性损伤	1
上肢动颈脉内瘘闭塞	人工动静脉瘘闭塞	1
双膝重度OA右侧平足伴OA	扁平足	1
卵巢癌术后复发第六次化疗后	化学治疗	1
右侧颈总动脉粥样硬化斑块形成	颈总动脉斑块	1
完全右束支阻滞心功能I级	完全性右束支传导阻滞	1
右甲MT术后	甲状腺恶性肿瘤	1
单角子宫	单角子宫	1
右足第4跖骨右足跟骨及舟骨撕脱性骨折	足舟骨骨折	1
左足跟部皮肤撕脱坏死	足坏死	1
右侧乳腺纤维瘤切除术后	乳腺纤维瘤	1
继发干燥综合	继发性干燥综合征	1
乳腺癌改良根治术后，化疗，上感\发烧	上呼吸道感染	1
右乳浸润性导管癌伴肝脏转移	乳腺恶性肿瘤	1
移植肾静脉狭窄	肾移植状态	1
慢性子宫颈炎(宫颈那囊)	慢性子宫颈炎	1
"""右肾癌肺转移,右肾切除术后,腹腔腹膜转移"""	转移性癌	1
鼻咽癌放疗中	恶性肿瘤放疗	1
左侧枕部硬膜下积血积气	硬脑膜下积液	1
心绞痛;支架植入术后状态;高脂血症;咳嗽;失眠;高血压	高脂血症	1
腮弓综合症附耳双	第一、二鳃弓综合征[Goldenhar综合征]	1
右第1足趾远节趾骨撕脱性骨折	拇趾骨折	1
慢性荨麻疹（皮肤划痕征）	人为性荨麻疹	1
双肺肺炎	肺炎	1
OA磷脂综合征	骨关节病	1
腰椎间盘脱出伴脊髓病	腰椎间盘移位	1
胃腺管状腺瘤	胃良性肿瘤	1
卵巢浆液性腺癌IIIC期术后第四次化疗后	浆液性腺癌	1
子宫纤维瘤	纤维瘤	1
"""上呼吸道感染发热咳嗽咽炎,失眠"""	咽炎	1
高血压;慢性肾功能不全;肾性骨病;下肢静脉回流障碍;肾性贫血	高血压	1
胸5-7椎体病变并不全瘫	颈椎病	1
入院心电图：窦性心律，非特异性T波异常	非特异性ST-T改变	1
大便性状改变原因1肠易激综合症2其他	肠易激综合征	1
右侧壁层胸膜见少量癌浸润结合免疫表	癌	1
鼻咽癌放化疗术后6年复查	恶性肿瘤放疗	1
糖尿病性感觉运动性周围神经病变	糖尿病性感觉运动性周围神经病	1
失代偿性呼吸性合并代谢性酸中毒	呼吸性酸中毒	1
腰椎间盘膨出继发神经损害	腰骶神经损伤	1
"""食管癌抗过敏,胃镜检查预防出血,抗过敏化疗肝损伤,化疗预处理,水肿利尿,化疗呕吐,反流性食道炎伴溃疡"""	食管溃疡	1
皮肤paget病	湿疹样癌[佩吉特病][Paget病]	1
直肠腺癌根治术后pT2N0M0	直肠术后	1
纵膈双侧锁骨下腹腔及腹膜后淋巴结多发转	锁骨下淋巴结继发恶性肿瘤	1
骶裂半大便失控	大便失禁	1
右足骨关节炎	骨关节病	1
腰5骶1间盘膨出骶管巨大囊肿	椎管囊肿	1
降结肠直肠管状腺瘤低级别	降结肠良性肿瘤	1
自身免疫特征的肺间质病变	其他间质性肺疾病	1
腹部脂肪堆积	腹部脂肪增多症	1
副乳腺癌	癌	1
手指脱位	指关节脱位	1
右乳纤维性瘤	乳腺良性肿瘤	1
右肺小细胞癌维持性化学治疗	小细胞癌	1
左膝关节创伤性OA伴强直	单侧膝关节骨性关节病	1
左眼黄斑穿孔	黄斑裂孔	1
双手烧伤后瘢痕挛缩畸形	手部烧伤	1
支气管炎(合并细菌感染）、	细菌感染	1
右肺上叶小细胞癌维持性化学治疗	小细胞癌	1
左颈部淋巴结Castleman病浆细胞型	Castleman病	1
胼胝体异常信号影性质待定	"""颅骨和头诊断性影像检查的异常所见,不可归类在他处者"""	1
-横结肠绒毛管状腺瘤	管状绒毛状腺瘤	1
高血压，冠心病，肾衰，抑郁症	肾衰竭	1
右附件区囊性回声输卵管积液待排	输卵管积水	1
双乳良性囊肿个别导管扩张	乳腺囊肿	1
子宫癌肉瘤II期	癌肉瘤	1
"""乳腺癌,骨质疏松,疼痛"""	癌	1
重症多型红斑	重症型多形红斑	1
卵巢浆液性癌IIIC期G3级	浆液性腺癌	1
宫内环下移2绝经	绝经期	1
第1-2腰椎骨折	腰椎骨折L2	1
加速性性交界性逸搏心律	结性逸搏	1
慢性主观性头昏自主神经功能不全	头晕	1
左侧眉弓软组织挫裂伤	眉弓裂伤	1
急性淋巴细胞白血病维持化疗	急性淋巴细胞白血病	1
大血管环气管软化染色体异常	染色体病	1
左拇指指骨基底部陈旧性撕脱性骨折	拇指骨折	1
"""直肠癌术后（Kras 野生型）,肝转移瘤术后复"""	直肠术后	1
肝肾囊肿	肝囊肿	1
右侧盆腔异位肾伴旋转不良	肾异位	1
1、冠心病心绞痛型心功能II级冠脉支架植入术后；	心功能Ⅱ级(NYHA分级)	1
眼睑出血点待查	出血斑点	1
右肾输尿管膀胱部分切除	膀胱术后	1
"""胰腺癌放疗,肝转移? 血小板降低,化疗，食欲差"""	癌	1
食管下段鳞癌	鳞状细胞癌	1
近肝曲横结肠绒毛管状腺瘤伴中度异型增生	管状绒毛状腺瘤	1
颈部多间隙感染	感染	1
升结肠癌并不全性肠梗阻	升结肠恶性肿瘤	1
肠癌 高血压 糖尿病（去外地带药）	肠道恶性肿瘤	1
脑转移瘤切除术后	脑术后	1
心功能1级(KILLIP分级)	KillipI级	1
"""左卵巢高级别浆液性癌,甲状腺功能低下,失眠 关节疼痛,严重骨质疏松,失眠,便秘"""	关节痛	1
糖尿病高血压高血脂症	糖尿病	1
G1P1孕41+6周宫内妊娠剖宫娩ROA	经未特指的剖宫产术分娩	1
卵巢高级别浆液性腺癌III期	浆液性腺癌	1
左眼人工晶体植入状态右眼黄斑陈旧性病变	视网膜病	1
停经23周院外B超提示胎儿上唇连续性中断	孕23周	1
右下肺间质病变原因陈旧性病变	肺病	1
小肠闭锁IIIa型并穿孔	小肠穿孔	1
阴囊炎性破溃	阴囊炎	1
鼻咽横纹肌肉瘤	鼻咽恶性肿瘤	1
糖尿病性肾病(肾小球硬化症)	肾小球硬化	1
食指近节关节囊破裂并关节面部分缺失	手指损伤	1
右侧乳腺癌放疗后	恶性肿瘤放疗	1
右下肺腺癌化疗后	化学治疗	1
下咽部差分化腺癌	咽恶性肿瘤	1
"""右肾透明细胞癌术后,腹腔及腹壁转移"""	腹腔继发恶性肿瘤	1
尿瘘术后	尿道瘘	1
肝硬化（酒精性、肝炎后）	肝炎肝硬化	1
结肠癌，上感，肠炎	上呼吸道感染	1
"""多发骨转移癌伴重度疼痛,免疫力低下"""	疼痛	1
胃肠息肉病待排	肠息肉	1
脑梗死后遗症-偏瘫肢体功能康复	偏瘫	1
病态窦性综合征	病态窦房结综合征	1
下咽癌化疗后	下咽恶性肿瘤	1
"""胰腺结节待查,食管癌术后"""	癌	1
左桡骨下端骨不连	桡骨骨折不连接	1
双侧乳腺增生并结节形成	乳房结节	1
肌肉肿物NOS(右上臂肿物)	上肢肿物	1
Z足癣继发感染	足癣	1
真红细胞增加肾功能减退	肾功能异常	1
"""右侧乳腺粘液癌术后,放射治疗,上感"""	恶性肿瘤放疗	1
海马变性硬化	海马硬化[颞叶内侧硬化]	1
鼻眶颅底真菌病	未特指的真菌病	1
末端回肠回盲部升结肠横结肠慢性炎症伴溃疡	结肠溃疡	1
灶性复鳞上皮呈CINIII级并累及腺体	子宫颈上皮内瘤变III级[CINIII级]	1
回肠炎性息肉致肠套叠	小肠息肉	1
先天性神经性肌强直	神经性肌强直[艾萨克斯综合征]	1
鼻咽左侧壁未分化型非角化性癌治疗中	癌	1
右肺尖纤维硬结灶性质待查	肺诊断性影像异常	1
主动脉栓塞和血栓形成	主动脉其他和未特指部位的栓塞和血栓形成	1
甲状腺双叶微小乳头状癌	乳头状微小癌	1
2型糖尿病糖尿病周围神经病变糖尿病肾损害	2型糖尿病性肾病	1
4慢性肺心病心功能3级	慢性肺源性心脏病	1
"""左肾盂癌根治术后 IV期,膀胱转移根治术后,右输尿管皮肤造口术,盆腔局部复发,左侧髂外血管旁、左侧腹股沟区淋巴结转移,放疗,疼痛"""	转移性癌	1
子宫内膜癌Ⅱ期术后Ⅱ期 T2N0M0	癌	1
胎儿生长发育受限刘鹤莺	妊娠状态	1
老年性精神病认知功能障碍老年性	认知障碍	1
左足第4趾部分坏死左足背皮肤缺损	足坏死	1
不育由于精子减少症	男性不育症	1
心律失常高血压肿瘤冠心病脑血管病	心律失常	1
子宫颈鳞癌IIIB期放化疗后	恶性肿瘤放疗	1
慢性胃炎伴糜烂.失眠	失眠	1
双乳腺病伴部分导管扩张和上皮大汗腺化	乳腺导管扩张症	1
1多发性脑缺血2高同型半胱胺	高同型半胱氨酸血症	1
"""左肾透明细胞癌,右侧隐睾下降固定术后"""	隐睾	1
左肺SCLC局限期3程化疗后	肺恶性肿瘤	1
右足第4跖骨右足跟骨及舟骨撕脱性骨折	跖骨骨折	1
猩红热心肌炎	心肌炎	1
肝穿活检肝细胞轻度脂肪变性	脂肪肝	1
鼾症伴低通气综合征	睡眠低通气综合征	1
气管造口状态(气管切开术后)	气管造口状态	1
糖尿病合并症高血压病上感重度骨关节病	重度骨关节病	1
"""右肺腺癌,纵隔淋巴结转移,左肾上腺转移"""	右肺恶性肿瘤	1
踝关节骨折脱位	踝关节骨折	1
听神经鞘瘤	听神经瘤	1
急性脑梗死左颞叶枕叶大面积梗塞	多发性脑梗死	1
胸水原因胸腹腔膈肌瘘	胸腔积液	1
右上肺鳞癌术后（pT2N2MO	肺术后	1
原发性醛固酮增生症	原发性醛固酮过多症	1
慢性淤血性脾肿大伴局部梗死	脾梗死	1
阴茎根部刀伤	"""阴茎开放性损伤"	1
创伤性急性硬膜外下血肿	急性创伤性硬脊膜下血肿	1
高空坠落伤1周右腕骨折左肩胛骨骨折头外伤左面部外伤	腕关节骨折	1
右胫腓神经脱髓鞘改变	脱髓鞘病	1
胃平滑肌瘤	平滑肌瘤	1
胸椎腰椎病变并不全瘫	不完全性瘫痪	1
右肺上叶轻度支气管扩张	支气管扩张症	1
白内障(右眼术后)	白内障	1
"""尿毒症;高血压;冠心病心律失常型;高脂血症;糖尿病;肾性贫血;静脉血栓形成,透析中低血压"""	低血压	1
左腿肌纤维组织炎性坏死	坏死性肌炎	1
结性逸搏律一过性全心停搏	心脏停搏	1
鼻咽顶壁、顶后壁及右侧壁未分化型非角化性癌肺转移	鼻咽侧壁恶性肿瘤	1
回肠腺癌术后第4次化疗	回肠术后	1
乳癌免疫力低下	乳腺恶性肿瘤	1
"""肺癌晚期，化疗。,慢支，恶液质，,病重，长期难以进食，营养不良,行动不便"""	恶病质	1
早孕宫内或宫外尚无法确定	妊娠状态	1
功能性肠病肠易激综合症伴焦虑状态	焦虑状态	1
右上肺小细胞肺癌脑、骨转移 广泛期	小细胞癌	1
左眼睑皮肤球结膜下色素沉着	皮肤色素沉着	1
"""右肺腺癌IV期疼痛,特发性肺间质纤维化,2型糖尿病 高血压病 甲状腺结节 胆囊结石伴胆囊炎,便秘"""	2型糖尿病	1
左颈部淋巴水囊肿	颈部肿物	1
右侧胸水待查胸腔穿刺麻醉	胸腔积液	1
右肺上叶小细胞癌维持性化学治疗	右肺上叶恶性肿瘤	1
造瘘口黏膜分离	人工造口状态	1
癌术后靶向治疗	恶性肿瘤术后靶向治疗	1
鼻炎、腺样体肥大？;	鼻炎	1
卵巢交界瘤(术后复查)	卵巢术后	1
三度房室阻滞	三度房室传导阻滞	1
冠心病心绞痛型缺血性心肌病	缺血性心肌病	1
肺真菌感染重症	肺真菌感染	1
胃窦溃疡型中低分化腺癌根治术后 pT4N1M0 IIIb期化疗	腺癌	1
毛支炎（恢复期），哮喘？	细支气管炎	1
左卵巢子宫内膜样癌化疗后	化学治疗	1
特指胎盘疾病低置胎盘状态	低置胎盘	1
左上肢末梢神经、C6神经干电击伤	脊神经损伤	1
2左侧11肋后肋骨折	肋骨骨折	1
胎儿染色体发育异常	先天性胎儿染色体异常	1
糖尿病性神经病变(待查)	糖尿病伴神经系统并发症	1
胸闷待查冠心病心绞痛？高血压糖尿病	冠状动脉粥样硬化性心脏病	1
高免疫球蛋白EIGE综合征	高lgE综合征	1
髂静脉血栓形成	静脉血栓形成	1
胸膜继发癌	继发性癌	1
右乳腺纤维腺瘤切除	乳腺术后	1
双肺间质改变双上肺多发点状影	肺部阴影	1
食道早期癌侵及粘膜肌层口侧局灶高级?	癌	1
左足拇指远节趾骨基底部撕脱性骨折	拇趾骨折	1
阑尾扩张肠管退变坏死	肠坏死	1
"""右侧乳腺癌术后 化疗,重度骨质疏松骨折 消肿止痛,右锁骨上淋巴结转移,关节痛，失眠"""	乳腺恶性肿瘤	1
子宫内膜粘液腺癌	粘液腺癌	1
胃无力症	胃麻痹	1
胃癌T4N2M0III期	胃恶性肿瘤	1
周围神经病变桡神经病变右侧	多发性神经病[多发性神经炎/周围神经炎]	1
肌瘤；IUD	具有子宫内避孕装置	1
腰1椎体及椎弓骨折	腰椎骨折L1	1
上唇外伤性色素沉着	色素沉着未特指的疾患	1
左面部皮肤恶性黑素瘤	面部其他和未特指部位的恶性黑色素瘤	1
骨关节病(腘窝囊肿)	骨关节病	1
食管下段恶性肿瘤中医治疗	恶性肿瘤中医治疗	1
左肺SCLC局限期3程化疗后	小细胞癌	1
"""左腭CA手术后,术后放疗化疗"""	腭恶性肿瘤	1
距肛门30cm结肠管状腺瘤低级别	管状腺瘤	1
热液烫伤双股会阴部TBSA5%Ⅱ度	下肢烫伤	1
咽喉炎，感冒;右侧肺炎，糖尿病	喉炎	1
停经22周B超提示胎儿右侧肺内异常回声	孕22周	1
抑郁性神经症植物神经给你紊乱	恶劣心境	1
脑神经脱髓鞘样改变	脱髓鞘性脑病	1
G4P2孕33+5周宫内妊娠	孕33周	1
多发脑腔隙灶右脉络膜裂小囊肿	腔隙性脑梗死	1
短暂性脑缺血椎基底动脉系统TIA发作	短暂性脑缺血发作	1
白血病的化疗治疗AML-M2	化学治疗	1
右肺腺癌 cT4N3M1c IV期免疫+靶向治疗	恶性肿瘤靶向治疗	1
异位肾伴旋转不良伴巨输尿管右侧	先天性肾旋转不良	1
左眼人工晶体植入状态右眼黄斑陈旧性病变	人工晶体植入状态	1
左胸壁转移术后	胸壁继发恶性肿瘤	1
结肠肝曲管状腺瘤直肠管状腺瘤	直肠良性肿瘤	1
纵膈双侧锁骨下腹腔及腹膜后淋巴结多发转	转移性肿瘤	1
皮肤色素沉着原因1Addison病2其他	色素沉着未特指的疾患	1
胃窦隆起型病变憩室可能	胃憩室	1
感染性发疹?过敏性皮炎？	过敏性皮炎	1
左肱骨骨质缺损	骨质破坏	1
右膝髌上髌内侧滑膜皱襞综合征	膝关节滑膜皱襞综合征	1
右侧颞部疖肿粒细胞减少	头部疖	1
口底鳞癌放化疗后	化学治疗	1
横结肠乙状结肠管状腺瘤建议定期复查	乙状结肠良性肿瘤	1
多脏器功能不全累及心肌肝脏凝血	多脏器功能障碍综合征[MODS]	1
头晕。颈椎病。椎动脉供血不全	颈椎病	1
结肠癌术后，肝转移，肾上腺转移	肝继发恶性肿瘤	1
左膝关节内侧半月板后角附着点撕脱性骨折	膝关节骨折	1
左踝关节前方滑膜撞击征左足副舟骨	先天性足副舟骨	1
右肺斑片影陈旧性病变可能性大	肺病	1
乙状结肠腺癌	乙状结肠恶性肿瘤	1
手外伤右手环指	手指损伤	1
急性中耳炎;鼻中隔偏曲;慢性鼻咽炎;鼻炎;外耳道疖;变应性支气管炎	急性中耳炎	1
残冠1##124————##————根尖牙周炎3##————##————	根尖周炎	1
急性普通B淋巴细胞白血病（L2型，中危，缓解期）	急性淋巴细胞白血病L2	1
重度骨质疏松(绝经期)	重度骨质疏松	1
头颈部软组织劳损	累及头部伴有颈部的脱位、扭伤和劳损	1
右锁骨骨折伴肩锁关节脱位	肩锁关节脱位	1
前降支中度狭窄伴心肌桥形成	冠状动脉狭窄	1
"""尿毒症;肾性贫血;周围神经病;冠心病心律失常型;高血压;肾性贫血,高脂血症;原发性甲状腺机能减退"""	高脂血症	1
右第七肋骨增大肋骨异常纤维增殖症	肋骨纤维异常增殖症	1
陈旧性右室前壁心肌梗梗塞	陈旧性右心室心肌梗死	1
十二指肠恶性肿瘤术后(恶性黑色素瘤)	十二指肠术后	1
慢性肾脏病急性加重透析状态	慢性肾病	1
"""左眼顿挫伤,眼睑皮下淤血"""	眼和眶其他损伤	1
腰椎管狭窄伴不全瘫	不完全性瘫痪	1
""": 阴道伤口息肉术后脱痂恢复期,宫颈鳞状细胞癌IIA2期伴HPV33型感染术后第二次化疗后,骨髓抑制,轻度贫血 ,阴道顶端恢复期,绝经综合征 ,阴道顶端肉芽增生"""	宫颈人乳头瘤病毒感染	1
退变的纤维软骨	软骨疾患	1
"""非霍奇金淋巴瘤,口腔溃疡,化疗期间白细胞减少,失眠伴焦虑抑郁状态"""	焦虑状态	1
"""胃癌全切术后,恶性腹腔积液"""	胃术后	1
双下肢无力原因待查腰椎病所致可能性大	肢体无力	1
左足撕裂伤，左大腿挫裂伤	足部损伤	1
肾脏错构瘤	肾错构瘤	1
非创伤性颅内出血后遗症	颅内出血后遗症	1
二度房室阻滞	二度房室传导阻滞	1
左胫腓骨骨折	胫骨骨折	1
咽部乳头状瘤	乳头状瘤	1
哮喘，植物神经功能紊乱	植物神经功能紊乱	1
"""小细胞肺癌晚期化疗,水肿利尿便秘食欲减退,肝功能损害肺部感染,咳嗽行动不便疼痛"""	便秘	1
"""非霍奇金淋巴瘤,FL,白细胞减少"""	滤泡淋巴瘤	1
"""宫颈癌 肠镜检查 肠道准备 肠镜麻醉,焦虑抑郁状态伴失眠，神经痛"""	抑郁状态	1
甲亢合并妊娠	妊娠合并甲状腺功能亢进	1
肺部阴影(感染性)	肺部阴影	1
脑膜动态未知肿瘤	脑膜动态未定或动态未知的肿瘤	1
左颊粘膜鳞癌术后 T3N1M0	淋巴结继发恶性肿瘤	1
急性迷路炎或前庭麻痹症	迷路炎[内耳炎]	1
双腿肿痛	下肢疼痛	1
卵圆孔未闭或小房间缺损	房间隔缺损	1
冠心病急性广泛前壁ST段抬高型心肌梗死单支病变累及LADLADPCI术后心功能I级（Killip分级）	冠状动脉粥样硬化性心脏病	1
双眼屈光不正(近视)	近视	1
左股部病变并膝关节活动受限	骨病变	1
十二指肠腺瘤	十二指肠良性肿瘤	1
左踝副舟骨源性平足	先天性足副舟骨	1
宫颈腺癌放化疗后	化学治疗	1
脾脏高度充血致脾肿大	脾大	1
眼球病变	分类于他处的疾病引起的玻璃体和眼球的其他疾患	1
慢性移植物抗宿主反应病口腔眼肝脏皮肤	慢性移植物抗宿主病	1
双膝关节髌内侧滑膜皱襞综合症	膝关节滑膜皱襞综合征	1
癫痫;缺血性脑血管病;颈动脉斑块;高胆固醇血症;高脂血症	缺血性脑血管病	1
面部皮肤红肿过敏	过敏反应	1
肝癌伴肝内转移	转移性癌	1
急性脑梗死左颞叶枕叶大面积梗塞	脑梗死	1
右髂动脉及股动脉支架置入术	血管支架植入术后状态	1
甲状腺乳头状微小癌术后	乳头状微小癌	1
左足反复破溃伤口不愈除外骨质改变	足部损伤	1
脾破裂出血	脾破裂	1
外阴病毒感染	病毒感染	1
坐骨神经麻痹	坐骨神经损害	1
右肺腺癌的支持治疗	腺癌	1
宫颈鳞状上皮内高度病变CIN-Ⅲ累及腺体	子宫颈上皮内瘤变III级[CINIII级]	1
左股动脉支架植入术	周围血管支架植入术后状态	1
结肠癌并肠梗阻	癌	1
停经283周发现胎儿心脏继发隔显示不清	妊娠状态	1
右锁骨骨折伴肩锁关节脱位	锁骨骨折	1
颈髓病变脊髓亚急性联合变性可能性大	亚急性脊髓联合变性病	1
右下肢腘动脉血栓栓塞	腘动脉栓塞	1
"""糖尿病,冠状动脉粥样硬化,糖尿病伴神经并发症,2型糖尿病性周围血管病变"""	冠状动脉粥样硬化	1
腰背部囊肿	背部囊肿	1
基底节多发腔隙性脑梗死	腔隙性脑梗死	1
继发性凝血障碍维生素K依赖性	凝血功能障碍	1
肩手综合症	肩手综合征	1
左侧硬腭静脉畸形	周围静脉畸形	1
右乳浸润性导管癌ⅡB期(pT2N1M0)改良根治术	乳腺术后	1
胎膜及脐带未见明显异常胎盘绒毛多灶性梗死	胎盘梗死	1
瘙痒症;盘状红斑狼疮;	盘状狼疮	1
糖尿病性神经炎(反复发作低血糖)	神经炎	1
颈腰部软组织劳损	肩颈部劳损	1
右拇指狗牙齿划伤	拇指开放性损伤	1
胃癌 疼痛 不能进食	进食障碍	1
埋伏牙和阻生牙	阻生牙	1
腰34不稳退变	腰椎退行性病变	1
"""龋,溃疡"""	龋病	1
眼部神经挫伤	身体未特指部位的神经损伤	1
右肾输尿管膀胱部分切除	输尿管术后	1
心功能III级(KILLIP分级)	KillipIII级	1
右肾造瘘术后	肾造口状态	1
停经336周B超提示胎儿右侧肾脏双肾盂	妊娠状态	1
左肺上叶腺癌cT3N3M0 IIIB期（第八版） 化疗	腺癌	1
腰椎侧凸腰椎分隔不全	腰椎侧弯	1
经量减少	月经稀少	1
右股骨外侧骨挫伤	股骨骨折	1
鼾症伴低通气综合征	鼾症	1
咳嗽、发热原因待查：肺部感染？肺部结核？肺部肿瘤？	肺部感染	1
左侧额部皮肤挫伤	头皮挫伤	1
乳腺恶性肿瘤治疗后的随诊检查	乳腺恶性肿瘤	1
"""多发性骨髓瘤(KAPPA轻链型),D-S分期IIB期,ISS分期III期"""	多发性骨髓瘤(轻链к型)	1
-横结肠绒毛管状腺瘤	横结肠良性肿瘤	1
右下肺腺癌	腺癌	1
右乳癌术前新辅助化疗后	乳腺恶性肿瘤	1
食管胸中段癌	食管胸中段恶性肿瘤	1
冠心病糖尿病关节炎	关节炎	1
成人斯蒂尔病合并肺间质改变	成年型斯蒂尔病[Still病]	1
右腹股沟滤泡性淋巴瘤靶向治疗	滤泡淋巴瘤	1
妊娠合并肝血管瘤	肝血管瘤	1
生长评估阴囊阴茎融合维生素D不足铅暴露	维生素D缺乏	1
右腹膜后鳞状细胞癌	鳞状细胞癌	1
"""鼻咽癌放化疗 骨肝转移，恶心呕吐，,失眠，食欲差,白细胞下降,免疫力下降,胸膜占位转移"""	转移性癌	1
右踝腱鞘囊肿	腱鞘囊肿	1
过敏性鼻咽炎	过敏反应	1
多发性骨髓瘤(IGG KAPPA型)ISS分期I期 D-S分期IIIA期	多发性骨髓瘤(DS分期III期)	1
双侧视神经发育不全	视神经发育不良	1
"""右侧乳腺癌术后 化疗,重度骨质疏松骨折 消肿止痛,右锁骨上淋巴结转移,关节痛，失眠"""	乳腺术后	1
双侧乳癌根治术	癌	1
乳癌术后定期化疗，门诊开药	恶性肿瘤术后化疗	1
胰腺导管内粘液样瘤	粘液瘤	1
右乳肿物纤维腺瘤	纤维腺瘤	1
右肾积水伴肾功能不全	肾积水	1
食管中上段鳞癌化疗后	化学治疗	1
自身免疫性疾病多脏器受累	自身免疫病	1
"""乳腺癌晚期,肺癌,癌性疼痛,慢性胃炎"""	慢性胃炎	1
乳腺恶性肿瘤的支持治疗	恶性肿瘤支持治疗	1
药疹Stevens-Johnson综合征	史蒂文斯-约翰逊综合征	1
T3椎体骨质破坏并脊髓压迫	骨质破坏	1
周围神经癌	癌	1
右颈面部鳞状细胞癌放化疗后	化学治疗	1
前胸浅表肿物	胸壁肿物	1
尿毒症肾透析 肾性贫血 肾性骨病 肾性高血压 神经衰弱	肾性骨病	1
右腮腺肿物	唾液腺肿物	1
右附件囊性病变-输卵管结积液可能	输卵管卵巢囊肿	1
乙状结肠癌，肝转移，膀胱转移	乙状结肠恶性肿瘤	1
妊娠急腹症	妊娠状态	1
冠心病糖尿病关节炎	冠状动脉粥样硬化性心脏病	1
卵巢交界瘤术后复发	卵巢术后	1
甲状腺低功4肾功不良	肾功能异常	1
膝关节骨关节炎双膝屈曲挛缩内翻畸形	双侧膝关节骨性关节病	1
右肝巨块型肝癌伴肝内转移，门静脉右支癌栓	癌	1
胃疼病全麻胃肠镜检查丙泊酚不耐受	胃痛	1
右小腿及足背皮肤缺损并坏死	下肢皮肤坏死	1
宫颈中分化鳞状细胞癌IB1期	鳞状细胞癌	1
乙状结肠降结肠交界处管状腺瘤	结肠良性肿瘤	1
面神经麻痹(面瘫)	神经麻痹	1
胃肠道发育畸形	先天性消化道畸形	1
左肺中分化腺癌(T4N3M1)IV期	左肺恶性肿瘤	1
胃癌化疗后/恶心食欲不振	恶心	1
腰45骶1椎间盘膨出椎体高信号	腰椎间盘突出	1
左下肺CA	癌	1
双颊及下唇扁平苔藓免疫异常	口腔扁平苔癣	1
腰背部脂肪堆积症	背部脂肪增多症	1
"""上呼吸道感染发热咳嗽咽炎,失眠"""	失眠	1
扁桃体占位	口腔和咽喉部占位	1
肝恶性肿瘤(（胸腰椎转移，左侧股骨）)	肝恶性肿瘤	1
左踝关节多发性游离骨块距骨囊性变	踝关节内游离体	1
右附件囊性病变-输卵管结积液可能	右侧输卵管积水	1
右跟骨部分撕脱性骨折	跟骨骨折	1
右髋伤口愈合不良	开放性损伤愈合不良	1
新生儿肺炎黄疸原因待查	新生儿黄疸	1
椎动脉供血不足	椎-基底动脉供血不全	1
"""高血压病,糖尿病,冠心病，皮炎,心律失常,泌尿道感染"""	泌尿系感染	1
胼胝体膝部发育不良	胼胝体发育不全	1
"""肝癌术后,残余及肝内新生灶,失眠伴焦虑抑郁状态"""	抑郁状态	1
内侧半月板撕裂	膝内侧半月板撕裂	1
黄斑变性术后	黄斑变性	1
热水烫伤面颈部双上肢躯干7%TBSAⅡ	上肢烫伤	1
嗅神经母细胞瘤	嗅神经母细胞瘤	1
右肺钙化结节	肺钙化	1
"""前列腺癌根治性切除术后,前列腺癌生化复发 局部放疗"""	前列腺恶性肿瘤	1
口咽癌姑息	癌	1
颈胸背部广泛皮下气肿并纵膈积气	纵隔气肿	1
右膝髌骨局灶性坏死内侧OA	单侧膝关节骨性关节病	1
"""左乳腺癌术后,骨转移,肺转移,严重骨质疏松"""	乳腺恶性肿瘤	1
类风湿关节炎肾损害	类风湿性关节炎	1
左眼神经损伤	身体未特指部位的神经损伤	1
"""左肾透明细胞癌术后,慢性肾功能不全"""	慢性肾功能不全	1
左眼虹膜周边切除术房角分离术	眼术后	1
阴道恶性黑色素瘤	阴道恶性肿瘤	1
不完全性房室干扰脱节伴交界性逸搏心律	结性逸搏	1
骨纤维性结构不良单骨性右侧腓骨	腓骨纤维结构不良	1
先天性胆道扩张症	先天性胆管扩张	1
"""胃窦癌腹腔广泛淋巴结转移,缺铁性贫血 巨细胞贫血 维生素缺乏,胃食管反流 消化道出血不除外,恶心、呕吐,长期不能进食"""	胃食管反流	1
直肠癌新辅助放化疗后	化学治疗	1
右上肢肢体震颤原因待查特发性震颤可能性大	上肢震颤	1
右甲MT术后	甲状腺术后	1
原发不孕单角子宫	原发不孕	1
真菌团倾向曲霉菌	曲霉菌病	1
下颌牙列缺损B34C45楔状缺损	牙列缺损	1
双眼睑多发性化脓性肉芽、霰粒肿	睑板腺囊肿[霰粒肿]	1
急性脑梗死右侧颞枕叶出血性梗死	多发性脑梗死	1
胃占位性病变(胃溃疡？肝占位：原发性？转移瘤？)	转移性肿瘤	1
下肢动脉硬化症	肢体动脉硬化	1
宫颈节育器移位	避孕环移位	1
右肺鳞癌维持性化学治疗	右肺恶性肿瘤	1
缺锌和缺铁明显	锌缺乏	1
L1椎体轻度陈旧压缩改变	腰椎压缩性骨折	1
右肺小细胞癌化疗	右肺恶性肿瘤	1
"""颈椎病,颈项痛,腰腿痛"""	下肢疼痛	1
右侧颈内透析隧道导管脱出	透析导管引起的机械性并发症	1
中度缺锌铅明显增高抵抗差多汗	铅中毒	1
脑动脉硬化;乏力;耳鸣;脑血管供血不足	脑血管供血不足	1
胸椎骨折伴脊髓损害	胸椎骨折	1
绝经前后诸症手麻手痒眼干	干眼症	1
右肺腺癌综合治疗后	腺癌	1
心脏逆钟向转位T波改变	心电图异常	1
左足舟状骨跟骨骰骨背侧撕脱性骨折	跟骨骨折	1
"""肺癌晚期术后复发放疗低硒,咯血,疼痛,咳嗽,恶心,呕吐"""	恶性肿瘤放疗	1
4右大腿残端皮肤软组织缺血坏死	下肢皮肤坏死	1
热水烫伤右下肢	沸水烫伤	1
高血压糖尿病上感	糖尿病	1
右肺中下叶鳞癌	鳞状细胞癌	1
"""右侧乳腺癌术后 化疗,重度骨质疏松骨折 消肿止痛,右锁骨上淋巴结转移,关节痛，失眠"""	骨折	1
左手裂伤感染?	手部损伤	1
肺部感染并呼吸衰竭	肺部感染	1
肝郁失眠毛囊炎咳嗽内火	毛囊炎	1
咽部乳头状瘤	咽良性肿瘤	1
脑梗塞高血压眩晕阴虚肝风	高血压	1
左肾造瘘管口伤口漏尿	肾造口状态	1
慢性肾脏病矿物质及骨异常	慢性肾病	1
盆腔三维适形放疗后复发陀螺刀治疗后	放射治疗	1
停经293周B超提示胎儿上牙槽排列紊乱	妊娠状态	1
膝内翻轻度左侧肋外翻轻度	肋骨畸形	1
右肝巨块型肝癌伴肝内转移，门静脉右支癌栓	肝恶性肿瘤	1
乙状结肠中分化腺癌术后中医治疗	乙状结肠恶性肿瘤	1
胰腺中分化腺癌IV期	腺癌	1
右眼外眦部鳞状细胞Ca	外眦恶性肿瘤	1
骶前神经鞘瘤术后	骶前良性肿瘤	1
静脉曲张下肢水肿	下肢水肿	1
低钠低氯原因待查1继发性肾上腺皮质功?	低氯血症	1
脂溢性皮炎并脱发	脂溢性皮炎	1
"""结肠癌术后pT4N1M0,肝转移切除术后"""	肝继发恶性肿瘤	1
喉部气管异物	喉内异物	1
甲状旁腺机能亢进(甲状旁腺腺瘤)	甲状旁腺功能亢进	1
右肺下叶小硬结灶性质待查	肺诊断性影像异常	1
右前臂烧伤2%III°	上肢三度烧伤	1
女性乳腺癌	癌	1
双肺间质性改变不除外间质纤维化请结合病史	肺间质纤维化	1
"""尿毒症;肾性贫血;肾性高血压,透析中低血压"""	尿毒症	1
胆总管末端粘液腺癌	胆总管恶性肿瘤	1
"""非霍奇金淋巴瘤 放化疗,胃淋巴瘤,上呼吸道感染,既往乙肝感染,白细胞低下,疼痛,口腔炎"""	上呼吸道感染	1
右手中指远节完全离断	单指完全离断	1
支气管扩张伴感染合并真菌感染	肺真菌感染	1
T183肾移植后临界性排异反应	肾移植排斥	1
双膝关节骨关节炎	双侧膝关节骨性关节病	1
腰骶外伤骶4椎体骨折	骨盆部损伤	1
"""食管胃交界腺癌放化疗,血小板降低,白细胞降低,化疗,HER2(1+),PDL-1(强+约10%），EGFR(3+),MSS。"""	白细胞减少	1
复发性滤泡淋巴瘤	滤泡淋巴瘤	1
喉咽癌化疗后	喉咽恶性肿瘤	1
原发性支气管肺癌(左肺小细胞肺癌cT2bN2M0　局限期　PS0分)	左肺恶性肿瘤	1
"""右肺癌术后疼痛免疫功能,咳血抗过敏维生素不足叶酸不足,行动不便便秘重度疼痛抗过敏化疗,口腔溃疡高血压,化疗呕吐食欲减退"""	咯血	1
冠心病急性非ST段抬高型心肌梗死	冠状动脉粥样硬化性心脏病	1
胎儿左右左心室内强光点	妊娠状态	1
"""中耳炎(术后,左)"""	耳术后	1
肝弥漫性病变原因待查免疫性肝病可能性大	未特指的肝病	1
右乳癌术前新辅助化疗	乳腺恶性肿瘤	1
自身免疫性周围神经病	多发性神经病[多发性神经炎/周围神经炎]	1
妊娠滋养细胞肿瘤第一次化疗后	滋养细胞病	1
右侧尿路结石术后	尿道术后	1
下腹部扭伤	身体未特指部位的脱位、扭伤和劳损	1
肺癌广泛期	癌	1
染色体异常口腔功能障碍	染色体病	1
右肾盂输尿管扩张积水	肾盂扩张	1
鼻咽未分化非角化癌T2N2M0	未分化的癌	1
肺组织内见多个纤维化病灶Masson小体	肺诊断性影像异常	1
甲状腺非霍奇金淋巴瘤	非霍奇金淋巴瘤	1
节育器异位继发肠壁部分穿孔	避孕环移位	1
唐氏综合症先心病	21-三体综合征[Down综合征]	1
右侧声门区中分化鳞状细胞癌	鳞状细胞癌	1
宫颈炎特异阴道炎	子宫颈炎	1
宫颈癌ⅡB放疗	子宫颈恶性肿瘤	1
宫颈鳞状上皮内瘤变III级	子宫颈上皮内瘤变III级[CINIII级]	1
右侧鼻腔恶性黑色素瘤	黑色素瘤	1
十二指肠乳头低级别绒毛状管状腺瘤	管状绒毛状腺瘤	1
急性粒细胞白血病MCR2	急性粒细胞白血病	1
鼻咽放疗后	鼻咽恶性肿瘤	1
血凝系统功能异常弥漫性血管内凝血可能	弥散性血管内凝血	1
双眼人工晶体植入术	人工晶体植入状态	1
急性脑梗死多发陈旧性脑梗死	陈旧性脑梗死	1
髋关节疾病待查	髋骨关节病	1
右膝ACL胫骨止点陈旧性撕脱性骨折	胫骨骨折	1
胃腺管状腺瘤	管状腺瘤	1
阿尔茨海默病重度痴呆	阿尔茨海默病性痴呆	1
甲状腺右叶乳头状微癌	乳头状微小癌	1
不典型甲状旁腺腺瘤	腺瘤	1
慢性嗜酸细胞白血病	慢性嗜酸性粒细胞白血病[高嗜酸性粒细胞增多症]	1
肺恶性肿瘤;冠状动脉供血不足;高脂血症;肝肾阴虚	高脂血症	1
"""肝癌术后,残余及肝内新生灶,失眠伴焦虑抑郁状态"""	焦虑状态	1
左外耳道闭锁左耳腮裂瘘管	先天性外耳道闭锁	1
双侧甲状腺乳头状微小癌	甲状腺恶性肿瘤	1
淋巴瘤复发	淋巴瘤	1
右小腿蜂蜇伤	小腿损伤	1
左眼上睑急性睑腺炎、急性化脓性结膜炎	急性结膜炎	1
骨关节病(颈肩腰腿痛)	腰痛	1
前列腺肥大不排除恶性可能	前列腺恶性肿瘤	1
左支气管支架置入术3	气管支架置入术后	1
部分发作继发全身发作	癫痫大发作状态	1
胆管囊肿切除术后	胆管囊肿	1
结缔组织相关性间质性肺病	结缔组织病	1
子宫颈鳞癌联合治疗后的随诊检查	恶性肿瘤联合治疗后的随诊检查	1
左肺上叶肺大泡破裂并气胸左侧胸壁引流术后	肺大疱破裂	1
右胫腓骨骨缺损性骨不连	胫骨骨折不连接	1
糖尿病性神经炎(反复发作低血糖)	低血糖	1
痤疮样疹激素依赖性＋脂溢性	痤疮样皮疹	1
冠心病急性广泛前壁ST段抬高型心肌梗死单支病变累及LADLADPCI术后心功能I级（Killip分级）	KillipI级	1
右乳腺纤维腺瘤切除	纤维腺瘤	1
双卵巢低中分化浆液性乳头状腺癌	乳头状浆液性腺癌	1
座疮伴睡眠不良	痤疮	1
外阴癌放疗	恶性肿瘤放疗	1
右鼻赘生物	鼻腔息肉	1
绝经期女性严重骨质疏松伴骨痛	骨痛	1
右上肢疤痕挛缩粘连	瘢痕挛缩	1
"""肝脏转移 化疗,白细胞低下,尿路感染,肝功能"""	转移性肿瘤	1
双膝骨性关节炎，右侧网球肘	肱骨外上髁炎[网球肘]	1
双手抖动原因待查低血糖反应	不自主运动	1
左乳癌可疑肺M，CT3N2Mx luminal B2	肺继发恶性肿瘤	1
左舌叶病灶性质待查：肺炎可能，肺癌待排	癌	1
双侧额叶脱髓鞘及缺血性改变可能	脱髓鞘性脑病	1
膀胱mt术后	膀胱恶性肿瘤	1
右上肺鳞癌术后（pT2N2MO	鳞状细胞癌	1
隐睾新生儿双侧	先天性双侧隐睾	1
病毒性肝炎乙型慢性重型	病毒性肝炎乙型慢性重度	1
骨髓移植术后造血干细胞移植术后	造血干细胞移植状态	1
腰椎骨折伴截瘫	腰椎骨折	1
双下肢肢端肥大	肢端肥大症	1
子宫肌瘤病	子宫平滑肌瘤	1
右侧小指电灼伤	手指损伤	1
缺锌缺铁缺钙	钙代谢紊乱	1
心慌、震颤	心悸	1
原发性不孕-输卵管因素	输卵管起因的女性不孕症	1
"""多发骨转移癌伴重度疼痛,免疫力低下"""	骨继发恶性肿瘤	1
胸腹部及会阴部烫伤　Ⅰ°-浅Ⅱ° TBSA 6%	会阴烫伤	1
多发性脑缺血脑髓鞘病	脑血管供血不足	1
右髂内动脉夹层动脉瘤	髂内动脉瘤	1
"""非霍奇金淋巴瘤,口腔溃疡,化疗期间白细胞减少,失眠伴焦虑抑郁状态"""	化学治疗	1
右眼炮崩伤	爆竹炸伤	1
胎盘前置状态并胎盘边缘剥离	胎盘早期剥离	1
双叶甲状腺癌	甲状腺恶性肿瘤	1
直肠下段中分化腺癌放化疗	腺癌	1
高血脂心脏损害	高脂血症	1
急性非ST段抬高型心肌梗塞PCI至RCA	冠状动脉支架植入术后状态	1
咽炎扁桃体炎鼻炎	扁桃体炎	1
鼻咽癌放化疗术后6年复查	化学治疗	1
头面部多处开放性损伤	面部开放性损伤	1
胎儿骨骼发育异常	骨骼发育不良	1
副乳癌	副乳腺恶性肿瘤	1
胆道扩张症肝功能不良	肝功能不全	1
脂肪脊髓脊膜膨出	脊髓脊膜膨出	1
周围神经脱髓鞘周围神经病变	脱髓鞘病	1
右肺下叶鳞状细胞癌	右肺下叶恶性肿瘤	1
椎基底动脉系统TIA单纯性髙胆固醇血症	高胆固醇血症	1
结肠癌术后，肝转移，肾上腺转移	结肠恶性肿瘤	1
陈旧性会阴3度撕裂阴道前后壁膨出2度	阴道前后壁脱垂	1
腰椎侧凸变形	腰椎侧弯	1
颌面部皮肤擦伤	面部擦伤	1
右室双出口术后	右心室双出口	1
呼吸道感染胸闷;佝偻病	呼吸道感染	1
十二指肠占位伴梗阻	肠占位	1
右肺MT伴肺转移？	肺继发恶性肿瘤	1
右上肺周围型中分化肺癌IIIa	右肺上叶恶性肿瘤	1
心功能Ⅲ级2卵圆孔未闭	卵圆孔未闭	1
移植皮瓣坏死右足底	足坏死	1
左侧肢体乏力待查颈椎病高血压	肢体无力	1
妊娠急腹症	急腹症	1
急性化脓性阑尾炎并坏疽穿孔	坏疽	1
左侧咽部挫裂伤	咽部挫伤	1
十二指肠乳头中分化腺癌	腺癌	1
胸中段食管鳞癌化疗后	食管胸中段恶性肿瘤	1
"""直肠癌肝转移术后,肺转移."""	癌	1
软组织感染;动脉粥样硬化并高脂血症;冠状动脉粥样硬化性心脏病;周围神经病;慢性支气管炎;贫血	O	1
左肺部块影待查：肺恶性肿瘤？肺炎？肺结核？	肺部阴影	1
慢性移植物抗宿主反应病口腔关节皮肤	慢性移植物抗宿主病	1
阴道和外阴特指炎症	外阴炎	1
胃十二指肠溃疡伴有穿孔	十二指肠溃疡伴穿孔	1
右肾盂输尿管占位	肾占位性病变	1
髓核组织伴部分坏死及钙盐沉积	钙质沉着症	1
头颈肩胸损伤	肩部损伤	1
骨髓增生异常综合征，直肠癌术后	骨髓增生异常综合征	1
腰4/5椎间盘突出症	腰椎间盘突出	1
左膝内侧间室OA内侧半月板脱位	单侧膝关节骨性关节病	1
心脏左室松弛减退部分心肌缺血性改变	心肌供血不足	1
下颌骨成釉细胞瘤术后	下颌骨良性肿瘤	1
细支气管肺泡癌	细支气管-肺泡癌	1
特指大便异常直肠病变	肠未特指的疾病	1
右乳头糜烂待查1右乳pagtes病	乳头恶性肿瘤	1
卵巢恶性肿瘤(IV期 骨转移)	转移性肿瘤	1
右卵巢无性细胞瘤术剥除后	卵巢恶性肿瘤	1
经典型霍奇金结节硬化型	结节硬化型经典霍奇金淋巴瘤	1
十二指肠球部溃疡合并梗阻	十二指肠球部溃疡	1
右眼睑损伤	眼睑和眼周区其他浅表损伤	1
急性咽喉炎;咳嗽;慢性鼻咽炎;过敏性鼻炎(变应性鼻炎);变应性哮喘	慢性鼻咽炎	1
周期性麻辟低钾	低钾型周期性瘫痪[低血钾性周期性麻痹/家族性周期性瘫痪]	1
头颈肩部痛	肩痛	1
"""胃印戒细胞癌 局部进展期,肺癌术后 免疫力低 过敏性皮炎,上呼吸道感染 发热 咳嗽"""	咳嗽	1
左侧基底节血管性病变，静脉畸形伴海绵状血管瘤?	海绵状血管瘤	1
右侧额颞顶部慢性硬膜下血肿并急性出血	颅内出血	1
头昏手麻语言吃力反应慢	头晕	1
十二指肠转移	转移性肿瘤	1
胃溃疡浸润型印戒细胞癌	印戒细胞癌	1
右肺鳞癌放化疗后	化学治疗	1
造瘘口部分肠管坏死伴坍陷	人工造口状态	1
患者肿瘤晚期恶液质变予静脉营养支持	恶病质	1
右眉缺失上睑闭合不全	眼睑闭合不全[兔眼]	1
右腹股沟皮脂腺囊肿	皮脂腺囊肿	1
卵巢癌术后复发第六次化疗后	卵巢恶性肿瘤	1
左侧距骨及跟骨撕脱性骨折	距骨骨折	1
"""锁骨骨折(右侧,术后)"""	骨折术后	1
高甘油三脂高尿酸	高甘油三酯血症	1
双下肢活动受限原因失用性肌萎缩	失用性肌肉萎缩	1
多发腔隙性梗死脑干双侧基底节及放射冠区	多发性脑梗死	1
肾上腺继发癌	肾上腺继发恶性肿瘤	1
肝动脉栓塞，射频治疗后	射频消融术后	1
右踝关节开放性骨折伴脱位	踝关节骨折	1
颈部软组织感染合并淋巴结炎	颈部软组织感染	1
脾区管状腺瘤	管状腺瘤	1
"""非霍奇金淋巴瘤 放化疗,胃淋巴瘤,上呼吸道感染,既往乙肝感染,白细胞低下,疼痛,口腔炎"""	化学治疗	1
残角子宫并腺肌症	子宫肌腺症	1
肝细胞腺瘤	肝良性肿瘤	1
双膝关节髌上滑膜皱襞综合症	膝关节滑膜皱襞综合征	1
甲状腺良性疾病手术后	甲状腺术后	1
烧伤后颈部瘢痕挛缩畸形	颈部瘢痕	1
肠梗阻治疗后	肠梗阻	1
主动脉返流	主动脉瓣关闭不全	1
右乳房皮肤Paget's病	乳房佩吉特病	1
-慢性盆腔炎	盆腔炎	1
胃窦多发早期carcinoma	胃窦恶性肿瘤	1
两个手指离断伤	仅两个或更多手指创伤性切断(完全)(部分)	1
盆腔无性细胞瘤	盆腔恶性肿瘤	1
下颌骨颏部及双侧髁突骨折	下颌骨骨折	1
慢性非特异性溃疡性结肠炎	溃疡性结肠炎	1
泌尿系统疾病高PSA血症	泌尿系统未特指的疾患	1
"""行动不便,慢性失眠,消化不良,呕吐,胃溃疡、反酸咽喉肿痛,感冒咽炎咳嗽咳痰,便秘,重度骨关节炎"""	胃溃疡	1
急性髓性白血病M3	急性早幼粒细胞白血病(M3型)	1
视网膜动脉闭塞OD	其他视网膜动脉阻塞	1
右侧上颌窦黏膜下囊肿	上颌窦囊肿	1
高血压;慢性肾功能不全;肾性骨病;下肢静脉回流障碍;肾性贫血	慢性肾功能不全	1
双膝软骨退变	双侧膝关节骨性关节病	1
胃窦癌伴肝转移术后	转移性癌	1
海洛因海绵状白质脑病	脑白质病	1
"""G4PO孕28+W待产ROA,产前出血原因待查?胎儿位置异常"""	产前出血	1
足部软组织损伤伴感染	足软组织感染	1
腰腿痛骨关节病骨质疏松	骨质疏松	1
左膝退变伴游离体	膝关节游离体	1
右坐骨异常信号囊肿可能	骨囊肿	1
宫颈鳞状细胞癌IIA1期术后	宫颈术后	1
宫颈角化型鳞状细胞癌	鳞状细胞癌	1
脑梗死;冠状动脉粥样硬化性心脏病;心绞痛;脑动脉硬化	脑梗死	1
甲状腺癌伴肺M内放疗三程后	甲状腺恶性肿瘤	1
胃癌化疗后/恶心食欲不振	食欲不振	1
右下肢静脉曲张并血栓形成	下肢静脉血栓形成	1
"""35、45牙本质过敏,17、47创伤性根周膜炎,14牙体楔状缺损"""	牙本质过敏症	1
右肾囊肿内伴结石	肾囊肿	1
升结肠符合管状腺瘤乙状结肠管状腺瘤	乙状结肠良性肿瘤	1
左眼急性视网膜坏死	急性视网膜坏死综合征	1
直肠癌放化疗后 T3N1M0 IIIB期	化学治疗	1
中重度主动脉反流	主动脉瓣关闭不全	1
先天性小齿状突寰枢椎不稳合并脊髓压迫	脊髓压迫症	1
冠心病心绞痛缺血性心肌病	冠状动脉粥样硬化性心脏病	1
"""非霍奇金淋巴瘤 放化疗,胃淋巴瘤,上呼吸道感染,既往乙肝感染,白细胞低下,疼痛,口腔炎"""	非霍奇金淋巴瘤	1
右下肺腺癌多发脑转移 EGFR19号外显子缺失	右肺下叶恶性肿瘤	1
右大腿高分化骨肉瘤	股骨恶性肿瘤	1
宫颈原位腺癌	子宫颈恶性肿瘤	1
附件内膜异位症	卵巢子宫内膜异位症	1
胸壁尤文肉瘤	胸部恶性肿瘤	1
"""胃窦癌腹腔广泛淋巴结转移,缺铁性贫血 巨细胞贫血 维生素缺乏,胃食管反流 消化道出血不除外,恶心、呕吐,长期不能进食"""	O	1
骨盆骨异常信号影	其他特指身体结构诊断性影像检查的异常所见	1
喉部分切除术气管切开术	喉术后	1
先天性上脸下垂	先天性上睑下垂	1
四肢火焰烧伤	上肢烧伤	1
右颞顶骨大面积粉凹陷性碎性骨折	颅骨骨折	1
颈椎、椎间盘退行性病变	颈椎间盘变性	1
脑血流减慢T波改变	心电图异常	1
局灶-继发全身发作枕叶发作	枕叶性癫痫	1
结肠癌术后 第二次化疗后	恶性肿瘤术后化疗	1
食管髓质型低分化鳞状细胞癌	鳞状细胞癌	1
胃窦溃疡型低分化腺癌伴印戒细胞癌成分	胃窦恶性肿瘤	1
右眼外眦部鳞状细胞Ca	鳞状细胞癌	1
大便性状改变原因1肠易激综合症2其他	其他大便异常	1
右眼虹膜缺如	先天性无虹膜	1
右肺癌化疗后伽玛刀治疗后	癌	1
颈椎骨折术后	骨折术后	1
左骶髂骨巨细胞瘤	骨巨细胞瘤	1
"""右肺癌,肝脏多发弥漫性结节,双侧肾上腺占位胃溃疡胃酸多,多发骨转移 中重度疼痛,维生素缺乏 咳嗽,化疗止吐 脑转移"""	肝占位性病变	1
右肾右输尿管全切术后	肾术后	1
左手裂伤感染?	手感染	1
左侧腹股沟、阴茎及阴囊皮肤低分化大汗腺癌	癌	1
带状疱疹性神经痛	带状疱疹后神经痛	1
双下肢跛行待查小平足	扁平足	1
左外耳道闭锁左耳腮裂瘘管	鳃裂瘘	1
骨关节病(髌股关节炎	骨关节病	1
特发性血小板减少性紫癜埃文斯综合征ITP	特发性血小板减少性紫癜	1
左臀部带状疱疹后遗神经症	神经症性障碍	1
垂体发育不全	垂体发育不良	1
右侧乳腺癌化疗	化学治疗	1
1.冠心病缺血性心肌病型心功Ⅲ-Ⅳ级	缺血性心肌病	1
局限性皮肤萎缩	皮肤未特指的萎缩性疾患	1
左舌癌术后复发	舌术后	1
宫颈差分化癌	癌	1
"""胃癌,肝转移,骨转移,肝功异常"""	骨继发恶性肿瘤	1
双侧输尿管结石并双肾积水	肾积水伴输尿管结石	1
鼻窦继发癌	转移性癌	1
主动脉夹层(III型)	主动脉夹层B型	1
左膝关节创伤性OA伴强直	膝关节强硬	1
双乳溢奶液	溢乳	1
右手多手指完全切断拇指示指缺失	多指完全离断	1
中-重度肺动脉高压	中度肺动脉高压	1
胆总管囊肿(术后)	胆道术后	1
左耳外耳道疖肿耳廓疖肿	耳廓疖	1
左乳导管上皮乳头状增生伴导管扩张	乳腺导管扩张症	1
骨髓增殖性疾病原发性血小板增生性可能性大	血小板增多	1
"""非霍奇金淋巴瘤 放化疗,胃淋巴瘤,上呼吸道感染,既往乙肝感染,白细胞低下,疼痛,口腔炎"""	恶性肿瘤放疗	1
女性不育症与宫角阻塞有关	子宫起因的女性不孕症	1
胆囊癌并肝转移伴梗阻性黄疸	癌	1
妊娠合并B族链球菌感染	妊娠状态	1
胃食管反流伴喉咽反流	喉咽反流	1
功能性肠病肠易激综合症伴焦虑状态	肠易激综合征	1
左上肢开水烫伤	上肢烫伤	1
冠心病、高血压、贫血？	贫血	1
双下肢感觉肌力异常大小便障碍	排便困难	1
肝硬化伴脾功能亢进	脾功能亢进	1
"""子宫内膜腺癌IB期G1-2术后放疗,白细胞减少,肝功异常,抑郁症,高血脂，行动不便"""	抑郁症	1
四肢抖动待查低钙脑损伤新生儿良性惊	不自主运动	1
升结肠LST管状腺瘤	升结肠良性肿瘤	1
左颊部涎腺粘液囊肿	唾液腺粘液囊肿	1
先天性青光眼	先天性水眼[眼积水]	1
慢性阻塞性肺气肿	慢性阻塞性肺疾病	1
咽侧感染	感染	1
脾脏肿大脾功亢进	脾功能亢进	1
"""结肠癌,右肺上叶小结节"""	癌	1
无精症输精管梗阻精液淤积症	无精子症	1
左肺腺癌根治术后伴双肺转移	左肺恶性肿瘤	1
宫颈鳞癌IIb期术后化疗后盆腔复发。	鳞状细胞癌	1
甲状腺癌术后复发并气管内侵犯	癌	1
术后伴胸壁、纵隔、腹膜后等多发淋巴结转移（T1bN3M1a IV期）	纵隔淋巴结继发恶性肿瘤	1
腹盆腔淋巴结继发恶性肿瘤	腹腔淋巴结继发恶性肿瘤	1
双胎之一羊水增多胎儿肠管扩张	双胎妊娠	1
（鼻咽）低分化鳞状细胞癌	鼻咽恶性肿瘤	1
认知功能缺损	认知障碍	1
乳腺癌局部晚期化疗	癌	1
乳癌化疗	癌	1
MR示胸4椎体水平脊髓后方异常信号影	其他特指身体结构诊断性影像检查的异常所见	1
盲肠粪石嵌顿穿孔	肠穿孔	1
哮喘，慢支，肺气肿;肺部感染，动脉硬化;	肺气肿	1
新生儿缺氧缺血性脑病并颅内出血	颅内出血	1
右肾盂旁囊肿	肾盂囊肿	1
"""上呼吸道感染口腔溃疡,行动不便,关节痛,反酸痛风,冠心病预防血栓,高血压"""	冠状动脉粥样硬化性心脏病	1
右下肺腺癌伴双肺、右肾上腺、骨转移 cT3N3M1 IV期 EGFR19号外显子缺失突变 ALK未测	转移性腺癌	1
原发不育月经不调多囊症	多囊卵巢综合征[Stein-Leventhal综合征]	1
系统性硬皮病相关肺间质病	系统性硬化症	1
冠心病不稳定性心绞痛陈旧心梗	不稳定性心绞痛	1
胃体低分化腺癌伴印戒细胞癌IV期	印戒细胞癌	1
车祸伤:左踝部皮肤软组织撕脱伤伴骨外露	下肢撕脱伤	1
低中分化子宫内膜样腺癌	子宫内膜恶性肿瘤	1
肺部癌	肺恶性肿瘤	1
上下前牙唇倾牙列拥挤正畸牙拔除术	牙外科正畸术后	1
活检病理横结肠管状腺瘤I级	横结肠良性肿瘤	1
前列腺癌；糖尿病；高血压	前列腺恶性肿瘤	1
腹膜后脂肪肉瘤术后三月，复发	恶性肿瘤复发	1
双侧硬膜下慢性硬膜下血肿	硬膜下血肿	1
急性肠穿孔回肠病变性质待定	肠穿孔	1
精神病肝豆状变性	精神障碍	1
"""头晕,高血压,糖尿病；脑出血恢复期"""	头晕	1
扩心指端肥大症	扩张性心肌病[充血性心肌病]	1
消化道癌	癌	1
贲门浅表溃疡型低分化腺癌	腺癌	1
胃窦中低分化腺癌IV期	腺癌	1
脾肿大脾内囊样灶	脾囊肿	1
冠心病心功能不全心律失常	冠心病心律失常型	1
凝血障碍慢性DIC可能	凝血功能障碍	1
混合型通气功能极重度障碍	通气功能障碍	1
宫颈癌Ⅰb1期术后第1次化疗后、原发性高血压1级	宫颈术后	1
发热、皮下结节待查，自身炎症性疾病？	发热	1
右侧后腹膜神经母细胞瘤化疗后	腹膜恶性肿瘤	1
头颈肩胸损伤	颈部损伤	1
腋窝皮脂腺囊肿	皮脂腺囊肿	1
卵巢癌术后复发，腹腔转移	腹腔继发恶性肿瘤	1
痤疮瘢痕	瘢痕	1
"""食管鳞癌术后,高血压,白细胞低下,放疗呕吐、食欲下降,成人不能进食,咳嗽、痰不易咳出"""	进食障碍	1
双下肢胫前动脉闭塞双下肢胫后动脉闭塞	胫前动脉闭塞	1
精神语言发育迟缓	言语和语言发育障碍	1
残角子宫查见胎盘及胎儿	残角子宫妊娠	1
右手环指近节指骨基底桡侧骨裂无移位	指骨近节骨折	1
左小脑半球血管网状细胞病	烟雾病[脑底异常血管网病]	1
肝胆管细胞癌IV期	肝内胆管癌	1
腰34椎间盘彭出症	颈椎间盘脱出	1
反应性T淋巴细胞增生	淋巴细胞增殖性疾病	1
右前臂刀刺伤	刀刺伤	1
直肠癌术后4年，确诊为复发放疗中	癌	1
鼻腔放化疗后	化学治疗	1
右肺癌靶向治疗	恶性肿瘤靶向治疗	1
心律失常高血压肿瘤冠心病脑血管病	性质未特指的肿瘤	1
阵发性房颤伴终止后长RR间歇	阵发性心房颤动	1
右卵巢子宫内膜样腺癌维持性化学治疗	卵巢恶性肿瘤	1
子宫颈上皮瘤样病变CINI级	子宫颈上皮瘤样病变[CIN]I级	1
腹痛(未特指);肠癌术后	胃肠道恶性肿瘤	1
阴囊阴茎派杰病	乳房以外的佩吉特病	1
腰间盘突出伴椎管狭窄	腰椎间盘突出	1
家族性渗出性玻璃体视网膜病变	家族性渗出性玻璃体视网膜病变	1
"""胃肠炎,口腔阿弗他溃疡"""	口腔黏膜溃疡	1
牙龈癌放疗	牙龈恶性肿瘤	1
精神病肝豆状变性	肝豆状核变性[Wilson病]	1
骨髓增生异常骨髓增殖性肿瘤	骨髓增生异常性/骨髓增殖性肿瘤(不能分型)	1
chiari畸型I型并骨髓空洞	脊髓空洞症	1
脑梗塞高血压眩晕阴虚肝风	脑梗死	1
胃底胃体癌综合治疗后	胃底及胃体恶性肿瘤	1
甲状腺轻度非典型病变	未特指的甲状腺疾患	1
颈部粥样硬化伴狭窄	颈动脉狭窄	1
右眼突眼原因待查右侧颈动脉海绵窦瘘待除外	海绵窦动静脉瘘	1
盆腔继发癌	转移性癌	1
心律失常心房颤动室性早搏	心房颤动[心房纤颤]	1
癫痫;缺血性脑血管病;颈动脉斑块;高胆固醇血症;高脂血症	癫痫	1
子宫颈鳞癌IIB期放化疗后	鳞状细胞癌	1
骶尾部符合脊髓栓系-脂肪瘤型	脊髓脂肪瘤	1
左眼睑皮肤球结膜下色素沉着	结膜色素沉着	1
慢性心功能衰竭急性发作全心增大	慢性心力衰竭	1
高LGE综合征	高IgE综合征	1
右足烧伤后并趾畸形	足畸形	1
"""左肾盂癌根治术后 IV期,膀胱转移根治术后,右输尿管皮肤造口术,盆腔局部复发,左侧髂外血管旁、左侧腹股沟区淋巴结转移,放疗,疼痛"""	疼痛	1
宫颈癌术后、下腹痛	宫颈术后	1
1双侧小乳症2Tunner综合症	特纳综合征[Turner综合征]	1
右中肺鳞癌	鳞状细胞癌	1
先天被动免疫性血小板减少症	先天性血小板减少	1
脑内出血后遗症	脑出血后遗症	1
脊髓栓系综合症术后	脊髓栓系综合征	1
孕34+4周孕1产0左枕；羊水过少？	孕34周	1
皮肤感染性肉芽肿	肉芽肿	1
"""右肾癌肺转移,右肾切除术后,腹腔腹膜转移"""	肾术后	1
"""卵巢癌化疗后,反流性食管炎"""	反流性食管炎	1
宫颈鳞癌Ⅲb期化疗后放疗中	子宫颈恶性肿瘤	1
特指大便异常原因待查未除肠道病变	其他大便异常	1
乙状结肠中分化腺癌术后中医治疗	腺癌	1
血栓性混合痔	血栓性痔	1
"""左面颈部及牙龈肿物，CA?,疼痛"""	癌	1
宫颈高危HPV53高PRL血症	高泌乳素血症	1
宫颈中高分化鳞癌IIIb期放化疗后	鳞状细胞癌	1
（左颈部）非霍奇金淋巴瘤，B小淋巴细胞淋巴瘤	非霍奇金淋巴瘤	1
"""右肺大细胞癌,骨转移,纵隔淋巴结转移,锁骨上淋巴结转移,刺激性咳嗽"""	锁骨上淋巴结继发恶性肿瘤	1
食物蛋白性小肠结肠炎	蛋白质过敏病	1
直肠下段类癌	类癌瘤	1
手湿疹；白斑？	"白斑病,不可归类在他处者"""	1
左冠支前降支远端心肌桥形成不完全型	冠状动脉肌桥	1
腹腔粘液腺癌化疗	腹部恶性肿瘤	1
2型糖尿病##糖尿病肾病	糖尿病性肾病	1
低色素小细胞性贫血重度	低色素性小细胞性贫血	1
脑内多发缺血性脱髓鞘灶幕上脑室增大	脑室扩张	1
神经痛胃肠性感冒	胃肠型感冒	1
右乳头乳晕Paget's病	乳房佩吉特病	1
脑垂体囊肿术后	脑术后	1
多发肋骨病变考虑骨结构不良	骨病变	1
乳腺腺泡扩张伴细胞化生	乳腺导管扩张症	1
纵隔肿瘤放疗	纵隔恶性肿瘤	1
头胀待查TIA	短暂性脑缺血发作	1
肾上腺皮质腺瘤	肾上腺良性肿瘤	1
先天性颈胸椎侧弯伴不全瘫	不完全性瘫痪	1
左腰结节	背部占位	1
左示指陈旧性完全缺如	创伤性手指缺如	1
腰5骶1间盘膨出骶管巨大囊肿	其他特指的椎间盘移位	1
无精症输精管梗阻精液淤积症	附睾精索精子淤积症	1
直肠上段腺瘤伴高级别上皮内瘤变	直肠良性肿瘤	1
胸5-6脂肪瘤	脂肪瘤	1
内耳耳石症	良性阵发性位置性眩晕	1
左足趾肉芽肿性炎	趾感染	1
"""食管胃交界癌术后,纳差"""	食管胃连接部恶性肿瘤	1
"""肝细胞性肝癌术后,慢性乙型肝炎活动期,血小板减低,脾功能亢进"""	肝细胞癌	1
盲肠横结肠管状腺瘤	管状腺瘤	1
乙状结肠腺癌	腺癌	1
梨状窝鳞状细胞癌	梨状窝恶性肿瘤	1
颅内真菌感染	真菌感染	1
副乳腺癌	副乳腺恶性肿瘤	1
惊厥(？)	其他和未特指的惊厥	1
右侧肺炎伴肺炎旁胸腔积液	肺炎	1
肾脏发育异常	肾发育不全	1
低钠低氯血症	低氯血症	1
左肺非小细胞肺癌Ⅳb期 cT4 N2 M1c 化疗	左肺恶性肿瘤	1
肛管直肠腺癌放化疗后	腺癌	1
意识障碍原因待查低血糖发作脑缺血发作	低血糖症	1
冠状动脉粥样硬化性血管病	冠状动脉粥样硬化	1
鼻咽癌根治性放射治疗	恶性肿瘤放疗	1
肺错构瘤	肺错构瘤	1
右距骨及第5趾骨基底部撕脱性骨折	指骨骨折	1
"""结肠癌术后pT4N1M0,肝转移切除术后"""	癌	1
双侧踇趾甲下黑斑甲下淤血	色素沉着未特指的疾患	1
6化疗后肝功能轻度异常	肝功能异常	1
过敏性鼻炎并哮喘	支气管哮喘	1
"""右肺腺癌 IIIB期,白细胞减少,放射性食管炎,骨转移,肺部感染,维生素缺乏,化疗前预处理"""	右肺恶性肿瘤	1
肝细胞腺瘤	肝细胞腺瘤	1
腰大池引流术后	具有脑脊液引流装置	1
右肾造瘘后	肾造口状态	1
"""食管癌,化疗呕吐反流性食管病,低钾血症水肿,行动不便,白细胞低,咳嗽"""	低钾血症	1
臀部软组织尤文肉瘤	尤因肉瘤	1
升结肠溃疡型中分化腺癌，大小4.2×3.5cm	升结肠恶性肿瘤	1
右小腿及踝部软组织伤	"""下肢未特指的损伤,水平未特指"""	1
周围神经病变--酒精性周围神经病变可能	多发性神经病[多发性神经炎/周围神经炎]	1
缺铁缺锌铅较高腹部淋巴肿大	铁缺乏	1
鼻咽未分化型非角化性癌综合治疗后	鼻咽恶性肿瘤	1
右颞叶海马异常信号缺血脱髓鞘改变	脱髓鞘性脑病	1
西医1后循环缺血2左侧椎动脉发育变异	后循环缺血	1
"""左肺不典型类癌,骨转移？"""	类癌瘤	1
右手拇指挤压离断伤	拇指挤压伤	1
冠心心功不全	心功能不全	1
腹泻病急性轻型3卵圆孔未闭	卵圆孔未闭	1
右下肢神经鞘瘤	下肢周围神经和自主神经良性肿瘤	1
子宫脱垂术后	子宫术后	1
右踝部感染	感染	1
胸12腰2腰4陈旧压缩改变	腰椎骨折L2	1
"""非霍奇金淋巴瘤 放化疗,胃淋巴瘤,上呼吸道感染,既往乙肝感染,白细胞低下,疼痛,口腔炎"""	白细胞减少	1
双侧颈动脉多发粥样硬斑形成	颈动脉粥样硬化	1
肝脏肾上腺占位	肝占位性病变	1
右手腕部皮肤软组织撕脱并部分缺损	上肢撕脱伤	1
慢性子宫颈炎(宫颈那囊)	子宫颈纳包氏囊肿	1
双卵巢低中分化腺癌	卵巢恶性肿瘤	1
右膝撞伤	"""下肢其他特指的损伤,水平未特指"""	1
1新生儿胎粪综合征	新生儿胎粪吸入综合征	1
车祸伤，左踝、足外伤	踝部损伤	1
咳嗽变异性哮喘？支气管炎，百日咳综合症？	支气管炎	1
翼状胬肉切除术（单眼）	翼状胬肉	1
乙状结肠癌术后复查 慢支 化疗	癌	1
左示中指撕脱性骨折	指骨骨折	1
右侧慢性化脓性中耳乳突炎（骨疡型）	慢性乳突炎	1
语言发育异常	言语和语言发育障碍	1
双上肢抖动原因1帕金森综合症其它	帕金森综合征	1
低钾低钠待查过敏性性休克致	过敏性休克	1
双眼脉络膜缺损右侧黄斑病变	先天性脉络膜缺损	1
宫颈鳞癌放化疗后反复	化学治疗	1
胆道疾患先天性胆道闭锁可能性大	先天性胆管闭锁	1
心源性疾病呼吸系统疾病结缔组织疾病	结缔组织病	1
声门癌	声门恶性肿瘤	1
右下腹肌肉慢性炎	肌炎	1
胃角早期carcinoma	胃恶性肿瘤	1
"""左肾盂癌根治术后 IV期,膀胱转移根治术后,右输尿管皮肤造口术,盆腔局部复发,左侧髂外血管旁、左侧腹股沟区淋巴结转移,放疗,疼痛"""	癌	1
药疹血管性水肿型	药物性皮炎[药疹]	1
冠心病高血压贫血高脂血症胃炎脑梗塞便秘脂肪肝心律失常上呼吸道感染	脂肪肝	1
"""左肾盂癌根治术后 IV期,膀胱转移根治术后,右输尿管皮肤造口术,盆腔局部复发,左侧髂外血管旁、左侧腹股沟区淋巴结转移,放疗,疼痛"""	髂淋巴结继发恶性肿瘤	1
碘131治疗后甲减	碘性甲状腺功能减退	1
C12病变并髓核压迫症	脊髓压迫症	1
右上臂BOWEN病	上肢恶性肿瘤	1
右肺错构瘤可能性大	肺错构瘤	1
单绒毛膜双羊膜囊双胎妊娠;	双胎妊娠	1
老年性白内障(术前)	眼术后	1
3颈胸腰椎体退行性改	胸椎退行性病变	1
右侧腓深神经损伤	腓神经损伤	1
膝关节骨关节炎疼痛行动不便	膝关节痛	1
糖尿病酮症酸中毒	糖尿病性酮症酸中毒	1
肝硬化门脉高压.脾肿大.脾功能亢进，食道胃底静脉曲张	脾功能亢进	1
右肺中叶鳞状细胞癌	鳞状细胞癌	1
多发性淋巴结肿大（淋巴瘤可能性大）	淋巴瘤	1
右侧腹股沟斜疝成形术后	腹股沟术后	1
双侧乳腺增生左侧乳腺实性结节	乳房结节	1
急性胰腺炎性脊髓病可能性大	脊髓病	1
前列腺癌	癌	1
局部包块待查：淋巴管瘤？	淋巴管瘤	1
腺纤维瘤乳腺	乳腺良性肿瘤	1
化疗肾母细胞瘤	肾恶性肿瘤	1
左舟骨月骨无菌性坏死	月骨缺血性坏死	1
右侧上颌骨骨纤维异样增殖症	颌骨纤维异常增殖症	1
胸腺低分化鳞癌 cT2N2M1 IV期化疗	鳞状细胞癌	1
睾丸肿瘤化疗	睾丸恶性肿瘤	1
胎儿异位融合肾	肾异位	1
右眼ICE综合症右眼睫状体光凝后	虹膜角膜内皮综合征[ICE综合征]	1
肌间静脉血栓形成	静脉血栓形成	1
颞颌关节强硬	颞下颌关节强直	1
"""左足底黑色素瘤扩大切除术后,左下肢肌肉间转移，肺、肝转移？,胃溃疡"""	胃溃疡	1
左上肺鳞癌伴左肺门及左纵隔淋巴结、肝转移 Ⅳ期	纵隔淋巴结继发恶性肿瘤	1
脱髓鞘病变左侧桥脑臂	脱髓鞘性脑病	1
直肠肛门口绒毛管状腺瘤	直肠良性肿瘤	1
肝M放化疗后	肝继发恶性肿瘤	1
高血压，脑梗塞缺血，	高血压	1
右足第五跖趾关节脱位	跖趾关节脱位	1
卵巢癌化疗后骨髓抑制	癌	1
"""食管癌抗过敏,胃镜检查预防出血,抗过敏化疗肝损伤,化疗预处理,水肿利尿,化疗呕吐,反流性食道炎伴溃疡"""	呕吐	1
成熟型畸胎瘤右卵巢	卵巢良性肿瘤	1
头痛口干肝肾不足	头痛	1
胃角管状腺瘤	管状腺瘤	1
大便次数增多回盲部隆起	大便习惯改变	1
全结肠切除术大便次数增多好转	大便习惯改变	1
先天性喉软骨发育不良	先天性喉软骨软化病	1
早孕停育有跌伤史	妊娠状态	1
骶尾部脂肪瘤型脊髓栓系	多发性脂肪瘤	1
双眼玻璃体出血	玻璃体积血	1
宫颈鳞状细胞癌IIIB期放化疗后	化学治疗	1
"""关节病,动脉粥样硬化,腹泻"""	关节病	1
左腕豌豆骨撕脱性骨折	豆骨骨折	1
门静脉及下腔静脉、左心房内癌栓。	门静脉瘤栓	1
直肠中分化粘液腺癌根治术后(pT4bN1M0)IIIC期化疗	淋巴结继发恶性肿瘤	1
右侧颞枕部急性硬膜下血肿	急性非创伤性硬脑膜下血肿	1
肛旁疖肿	肛门旁皮下脓肿	1
双肾盂输尿管上段积液	输尿管积水	1
缺铁缺锌铅较高腹部淋巴肿大	锌缺乏	1
猝死型冠心病	心源性猝死	1
腹泻病，支气管肺炎（恢复期）	O	1
窦性心律不齐窦房结内游走心律伴不齐	窦房结游走性心律	1
左髌骨骨折术后	髌骨骨折	1
右股骨骨样骨瘤	股骨良性肿瘤	1
颅内多发大动脉重度狭窄双侧椎动脉基底动脉	基底动脉狭窄	1
卵巢无性细胞瘤	卵巢恶性肿瘤	1
骨关节炎；痹症；肝肾不足	骨关节病	1
食管溃疡浸润型中分化鳞状细胞癌	鳞状细胞癌	1
盆腔复发放疗后	恶性肿瘤复发	1
乳腺癌化疗左乳癌术前化疗	乳腺恶性肿瘤	1
右上肺继发性支扩复诊继发性肺纤维化	肺纤维化	1
十二指肠腺瘤	腺瘤	1
2型糖尿病伴有酮症酸中毒	2型糖尿病性酮症酸中毒	1
宫颈癌Ⅱb期化疗后	子宫颈恶性肿瘤	1
陈旧性下壁ST段抬高型心肌梗死	陈旧性下壁心肌梗死	1
躯体病样精神障碍	躯体化障碍	1
卵巢高级别浆液性癌	浆液性癌	1
子宫颈鳞癌	鳞状细胞癌	1
右腕背玻璃割伤	玻璃割伤	1
头晕心悸待查：高血压;椎-基底动脉供血不全;冠心病心律失常型;心绞痛	心绞痛	1
降结肠管状腺瘤乙状结肠绒毛状-管状腺瘤	管状腺瘤	1
多发脑腔隙灶右脉络膜裂小囊肿	脉络膜破裂	1
卵巢交界瘤术后复查	卵巢交界性肿瘤	1
肺部块影：恶性？	肺恶性肿瘤	1
左膝外伤脱位	膝关节脱位	1
阻塞性肺癌	肺恶性肿瘤	1
三踝骨折术后	骨折术后	1
截肢残端处多处三期压疮肩胛部3期压疮	截肢	1
抑郁症脑血管疾病后	脑血管病	1
右手舟骨月骨脱位伴月骨坏死	腕舟骨脱位	1
上颌前牙区埋伏多生牙	多生牙	1
右胸下部肋骨处外伤后疼痛3天待查	胸部损伤	1
急性粒单核细胞白血病	急性粒-单核细胞白血病	1
结肠绒毛状管状腺瘤低级别直径15cm	结肠良性肿瘤	1
双肺广泛斑片影伴间质改变	肺部阴影	1
淋巴瘤治疗后的随诊检查	淋巴瘤	1
子宫颈鳞癌IIB期放疗后	恶性肿瘤放疗	1
升结肠管状腺瘤	管状腺瘤	1
腹腔内肉瘤	肉瘤	1
右乳腺癌联合治疗后	乳腺恶性肿瘤	1
错构瘤	错构瘤	1
盆腔炎慢性	盆腔炎	1
"""左侧乳腺癌术后,双肺转移"""	乳腺恶性肿瘤	1
左髌骨骨折术后	骨折术后	1
右侧骶韧带妊娠	异位妊娠	1
右乳腺癌新辅助化疗	化学治疗	1
(降结肠)腺瘤性息肉	腺瘤样息肉	1
"""左乳肿物,乳腺癌"""	癌	1
腹部手术后乏力	乏力	1
左手掌面皮肤软组织大部缺失神经血管缺失	皮肤缺损	1
哮喘性支气管炎	支气管炎	1
右肺中叶腺癌治疗后的随诊检查	恶性肿瘤其他治疗后的随诊检查	1
右侧后腹膜神经母细胞瘤化疗后	化学治疗	1
输尿管结石碎石取石术后	输尿管术后	1
"""胃癌IV期,肝多发转移 腹腔淋巴结转移,胃溃疡 止血"""	转移性癌	1
肝脏挫伤术后	肝挫伤	1
右大腿滑膜肉瘤	滑膜肉瘤	1
右髋臼边缘骨质破坏待查撞击综合征	骨质破坏	1
急性肾炎综合症	急性肾炎综合征	1
"""尿毒症;肾性贫血;周围神经病;冠心病心律失常型;高血压;肾性贫血,高脂血症;原发性甲状腺机能减退"""	多发性神经病[多发性神经炎/周围神经炎]	1
右手拇指化脓性指头炎	指头炎	1
停经354周MR提示胎儿空肠下段闭锁	妊娠状态	1
全身骨关节先天发育不良	骨骼发育不良	1
雷诺病4右足背动脉闭塞	雷诺综合征	1
"""支气管炎,盆腔炎\"""	支气管炎	1
双侧急性硬膜下血肿	硬膜下血肿	1
肝左内叶胆囊窝旁低密度影考虑小囊肿	肝囊肿	1
G2P1孕36周已产LOA	正常分娩	1
神经精神发育延迟	发育迟滞	1
脾区管状腺瘤低级别	管状腺瘤	1
颅咽管瘤切除术后	颅咽管瘤	1
上呼吸道的疾病该钙缺乏	钙代谢紊乱	1
慢性浅表性胃炎并胃体糜烂	糜烂性胃炎	1
喉癌累及下咽	咽恶性肿瘤	1
躯体化障碍外伤后神经症反应	躯体化障碍	1
右腕舟骨陈旧性骨不连	舟骨骨折不连接	1
肺大泡切除术后	肺术后	1
右腕豌豆骨撕脱性骨折并半脱位可疑	腕关节半脱位	1
双肺磨玻璃灶纤维硬结灶	肺诊断性影像异常	1
痹证;骨关节病(两种膏药错开使用)；肝热便秘	便秘	1
脂肪性肝病	脂肪肝	1
多发性骨髓瘤(IGG KAPPA型)ISS分期I期 D-S分期IIIA期	多发性骨髓瘤(IgGк型)	1
结肠憩室穿孔	结肠憩室	1
颈脊椎病	颈椎病	1
慢性覅而原先心脏病肺心功能失代偿期	未特指的心脏病	1
膀胱过度活动综合征	膀胱过度活动症	1
右上肢肢体震颤原因待查特发性震颤可能性大	特发性震颤	1
尿路结石术后	未特指的泌尿系结石	1
鼻咽非角化癌	癌	1
双下肢无力待查格林-巴利综合症fi0	肢体无力	1
耳后粉瘤感染	感染	1
下肢胫前皮肤色素沉着	色素沉着未特指的疾患	1
糖尿病痛性神经病变	糖尿病	1
冠状动脉粥样症前降支心肌桥	冠状动脉粥样硬化	1
皮肤和皮下组织特指疾患左下肢皮瓣臃肿	皮瓣移植状态	1
右乳浸润导管癌保乳术后	浸润性导管癌	1
双侧肾癌	癌	1
卵圆孔未闭发泡实验阳性	卵圆孔未闭	1
左侧枕部硬膜下积血积气	颅内积气[气颅症]	1
头昏胀高TC	头晕	1
急性B淋巴细胞型白血病(PH+)	B细胞急性淋巴细胞白血病	1
电弧烧伤双手	电流引起烧伤	1
酒精性精神病	酒精所致的精神病性障碍	1
右膝OA右膝外踝三角zi综合征	踝关节撞击综合征	1
冠心病高血压贫血高脂血症胃炎脑梗塞便秘脂肪肝心律失常上呼吸道感染	胃炎	1
双乳多发纤维腺瘤可能	乳腺良性肿瘤	1
颜面出血点待查	出血斑点	1
十二指肠降段腺瘤	十二指肠良性肿瘤	1
双眼闭角型青光急性大发作	闭角型青光眼	1
皮质下脑病	未特指的脑病	1
双膝髌骨局灶性骨梗死骨代谢异常	骨坏死	1
急性重型内开放性颅脑损伤	开放性颅脑损伤重型	1
卵圆孔未闭或小房间缺损	卵圆孔未闭	1
左侧肾动脉支架植入术后状态	血管支架植入术后状态	1
甲状旁腺机能亢进(甲状旁腺腺瘤)	甲状旁腺良性肿瘤	1
特指泌尿系疾病阴茎扭转	泌尿系统其他特指的疾患	1
左肾高密度影结合临床除外高密度囊肿	泌尿器官诊断性影像检查的异常所见	1
鼻咽低分化鳞癌放射治疗	鳞状细胞癌	1
左乳腺肿物伴感染	乳房肿物	1
"""尿毒症;高血压;冠心病心律失常型;高脂血症;糖尿病;肾性贫血;静脉血栓形成,透析中低血压"""	静脉血栓形成	1
腰间盘突出伴椎管狭窄	腰椎管狭窄	1
口服结核药物呕吐、食欲差	食欲不振	1
慢性炎症性脱髓鞘性多发性神经病	慢性炎性脱鞘性多发性神经根神经病[慢性吉兰-巴雷巴利综合征]	1
心律失常高血压肿瘤冠心病脑血管病	冠状动脉粥样硬化性心脏病	1
左乳晕溃疡性质待查考虑Paget‘s病	乳房佩吉特病	1
双神经性聋左耳混合聋	双侧感音神经性聋	1
结肠癌复发	恶性肿瘤复发	1
"""右肺大细胞癌,骨转移,纵隔淋巴结转移,锁骨上淋巴结转移,刺激性咳嗽"""	纵隔淋巴结继发恶性肿瘤	1
右上肺鳞状细胞癌介入治疗后	鳞状细胞癌	1
"""左肺周围型小细胞肺癌广泛期放化疗 ,胃镜检查 置管,无法进食"""	小细胞癌	1
乳腺恶性肿瘤综合治疗后的随诊检查	恶性肿瘤联合治疗后的随诊检查	1
上消化道出血胃溃疡可能性大	胃溃疡	1
卵巢腺癌III期	卵巢恶性肿瘤	1
动脉导管未关闭	动脉导管未闭	1
头颈部刀砍伤	颈部开放性损伤	1
冠脉造影支架置入	冠状动脉支架植入术后状态	1
右足跟陈旧骨折伴骨质疏松	陈旧性跟骨骨折	1
慢性肾功能不全冠状动脉粥样硬化性心	冠状动脉粥样硬化性心脏病	1
右肺肺纤维化纤维灶	肺纤维化	1
食管中上段鳞癌化疗后	食管中上段恶性肿瘤	1
特指胎盘疾病胎盘低置状态羊水减少	未特指的胎盘疾患	1
右肺腺癌伽玛刀治疗后化疗后	化学治疗	1
1肺癌骨转移；2截瘫	癌	1
右髋臼边缘骨质破坏待查撞击综合征	髋关节撞击综合征	1
"""肺癌抗过敏,肝转移？"""	转移性癌	1
冠心病糖尿病关节炎	糖尿病	1
上颚癌	腭部恶性肿瘤	1
右胸腔巨大占位并胸腔积液	胸部占位	1
缺锌重轻度缺铁胃口睡眠差	铁缺乏	1
胃窦毛细血管扩张	胃肠道毛细血管扩张症	1
"""高血压病,脑血管病，过敏性鼻炎，抑郁症，便秘"""	脑血管病	1
"""右肺癌,肝脏多发弥漫性结节,双侧肾上腺占位胃溃疡胃酸多,多发骨转移 中重度疼痛,维生素缺乏 咳嗽,化疗止吐 脑转移"""	肾上腺占位	1
海马变性硬化	大脑变性	1
左束支传导组织阻滞	左束支传导阻滞	1
慢性全胃炎伴糜烂，糜烂性十二指肠炎	糜烂性胃炎	1
肩部色素斑	色素沉着未特指的疾患	1
乙状结肠癌术后，，淋巴结转移，，呕吐，化疗肠镜检查	乙状结肠恶性肿瘤	1
脑肿瘤放疗后	脑恶性肿瘤	1
口腔鳞癌	口腔恶性肿瘤	1
2troca右侧疝气双侧睾丸固定}2年前不慎跌伤	跌倒	1
左大腿肉芽肿性炎	肉芽肿	1
右膝滑膜骨软骨瘤病	膝关节滑膜良性肿瘤	1
糖皮质激素诱导性骨质疏松症	激素药物反应	1
糖尿病性末梢神经损坏脑供血障碍	脑血管供血不足	1
右侧股骨头坏死	股骨头缺血性坏死	1
"""右肺癌,肝脏多发弥漫性结节,双侧肾上腺占位胃溃疡胃酸多,多发骨转移 中重度疼痛,维生素缺乏 咳嗽,化疗止吐 脑转移"""	脑继发恶性肿瘤	1
右甲状旁腺腺瘤	腺瘤	1
泌尿系异常	泌尿系统未特指的疾患	1
"""2型糖尿病,冠状动脉粥样硬化性心脏病,2型糖尿病性周围循环并发症,糖尿病性肾病"""	非胰岛素依赖型糖尿病伴有周围循环并发症	1
低磷抗D性软骨病转归其他	低磷血症	1
肛门感觉异常阴部神经症候群	神经症性障碍	1
c病毒性疹	病毒性皮疹	1
"""左肾盂癌根治术后 IV期,膀胱转移根治术后,右输尿管皮肤造口术,盆腔局部复发,左侧髂外血管旁、左侧腹股沟区淋巴结转移,放疗,疼痛"""	盆腔恶性肿瘤	1
冠心病急性非ST段抬高型心肌梗死	急性非ST段抬高型心肌梗死	1
眼视神经瘤	神经瘤	1
腰5左侧椎管峡部不连	腰椎峡部裂	1
十二指肠转移	十二指肠继发恶性肿瘤	1
电解质紊乱-低钠钾氯血症	低钠血症	1
腰3/4椎间盘膨出；	腰椎间盘移位	1
"""左眼睑结膜恶性黑色素瘤术后,反复复发术后,"""	恶性肿瘤复发	1
原发性肝癌介入后##门静脉癌栓形成	门静脉瘤栓	1
三系下降待查血液系统疾病嗜血综合症	全血细胞减少	1
双下肢大隐静脉曲张术后复发	大隐静脉曲张	1
胸骨后不适待查，NERD待排	胃食管反流	1
糖尿病糖尿病周围神经病变糖尿病肾病IV期	糖尿病性周围神经病	1
"""左肺不典型类癌,骨转移？"""	骨继发恶性肿瘤	1
周围动脉粥样硬化症(颈动脉)	颈动脉硬化	1
老年性白内障(术前)	老年性白内障	1
坠落伤右肱骨开放性骨折伴脱位	上肢开放性骨折	1
右踝及右膝OA	单侧膝关节骨性关节病	1
先天性心脏病合并妊娠	妊娠合并先天性心脏病	1
肝病脑病I期	肝性脑病	1
系统性硬皮病并间质性肺疾病	间质性肺病	1
右侧肾盂癌根治术	肾盂恶性肿瘤	1
右顶枕动静脉畸形	脑动静脉畸形	1
"""小细胞肺癌晚期化疗,水肿利尿便秘食欲减退,肝功能损害肺部感染,咳嗽行动不便疼痛"""	肝功能异常	1
节育环膀胱异位	避孕环移位	1
冠心病;失眠;慢性喘息性支气管炎	失眠	1
1贲门病变套切治疗后	胃术后	1
供血不足及脑功能下降	脑血管供血不足	1
"""行动不便,慢性失眠,消化不良,呕吐,胃溃疡、反酸咽喉肿痛,感冒咽炎咳嗽咳痰,便秘,重度骨关节炎"""	重度骨关节病	1
右手不自主运动周围神经病后	多发性神经病[多发性神经炎/周围神经炎]	1
高血压、LAD-AO瘘	高血压	1
左肾切开取石术后	肾术后	1
颅内动静脉畸形	头面血管畸形	1
前列腺癌？骨转移？	前列腺恶性肿瘤	1
左乳肿块性质待查:癌	癌	1
大、小网膜及胃壁多发淋巴结转移	多部位淋巴结继发恶性肿瘤	1
软组织肉瘤肠系膜脂肪肉瘤	脂肪肉瘤	1
多发颌面骨骨折	面骨多发性骨折	1
吞咽发呛咽梗	吞咽困难	1
右乳腺增生病伴囊肿形成并见异物肉芽肿	异物肉芽肿	1
中毒性产后心肌炎	中毒性心肌炎	1
右乳腺癌维持性化学治疗	恶性肿瘤维持性化学治疗	1
先天性喉软骨发育不良(轻度)	先天性喉发育不全	1
T6T12椎体陈旧性压缩改变	陈旧性胸椎骨折	1
胸闷待查冠心病心绞痛？高血压糖尿病	糖尿病	1
盆腔腹膜多发低回声结节	腹膜占位	1
"""食管癌抗过敏,胃镜检查预防出血,抗过敏化疗肝损伤,化疗预处理,水肿利尿,化疗呕吐,反流性食道炎伴溃疡"""	水肿	1
卵巢癌IV期第二次化疗后	癌	1
动脉粥样硬化斑块伴有狭窄	动脉粥样硬化	1
右前臂带状孢疹	带状疱疹	1
胃体低分化腺癌IV期 肠型 HER2(-) 化疗	胃体恶性肿瘤	1
甲状腺功能减低Turner综合症	甲状腺功能减退	1
左回旋支粥样硬化伴轻度狭窄	冠状动脉狭窄	1
甲状腺机能亢进-甲状腺机能减退综合征	甲状腺功能减退	1
贫血伴血小板减少原因待查	血小板减少	1
弥漫小肠及小肠系膜受累Ⅳ期2周期化疗后	肠系膜继发恶性肿瘤	1
支气管哮喘并肺部感染	支气管哮喘	1
(FLJC)甲状腺ca术后	癌	1
血尿蛋白尿查因IGA肾病	IgA肾病	1
腰45骶1椎间盘膨出椎体高信号	其他特指的椎间盘移位	1
宫颈鳞癌ⅢB期放化疗后	恶性肿瘤放疗	1
非霍奇金淋巴瘤滤泡向弥漫大B细胞转化	非霍奇金淋巴瘤	1
中分化宫内膜样腺癌	子宫内膜恶性肿瘤	1
口周麻木	口周皮肤麻木	1
右卵巢浆液性囊腺癌	卵巢恶性肿瘤	1
新生儿反应弱肌张力弱原因待查	新生儿未特指的肌张力疾患	1
右肾透明细胞癌T1N0M0	肾恶性肿瘤	1
"""行动不便,SLE，,上呼吸道感染、发热、咳嗽咳痰,咽痛,慢性便秘,高脂血症,高血压,预防血栓,肝肾阴虚、腰膝酸软"""	咽痛	1
"""左面颈部及牙龈肿物，CA?,疼痛"""	疼痛	1
颅内多发缺血及腔隙性梗死	腔隙性脑梗死	1
直肠绒毛管状腺瘤伴表面局灶腺体高级别?	直肠良性肿瘤	1
宫内膜单纯性增生伴局部腺上皮非典型性	宫颈上皮不典型增生	1
右顶颅骨膜血窦	颅骨膜窦	1
手术后状态(宫内节育器置入)	其他特指的手术后状态	1
咽痒咳嗽1周	咳嗽	1
左肾静脉压迫综合征	左肾静脉压迫综合征[胡桃夹现象]	1
"""左肾盂癌根治术后 IV期,膀胱转移根治术后,右输尿管皮肤造口术,盆腔局部复发,左侧髂外血管旁、左侧腹股沟区淋巴结转移,放疗,疼痛"""	输尿管造口状态	1
右手中环指软组织缺损伴骨外露坏死	手坏死	1
右上肢躯干开水烫伤	沸水烫伤	1
左肘关节肱骨外侧髁陈旧撕脱性骨折	肱骨外髁骨折	1
急性中耳炎;鼻中隔偏曲;慢性鼻咽炎;鼻炎;外耳道疖;变应性支气管炎	鼻中隔偏曲	1
免疫力低、前列腺肥大、皮炎	皮炎	1
原发性肝癌介入后##门静脉癌栓形成	癌	1
双眼糖尿病性病变	未特指的糖尿病伴有眼的并发症	1
左腰不适；左肾结石；胆囊炎	肾结石	1
原发中枢系统淋巴瘤	淋巴瘤	1
颈管炎宫内膜炎	子宫内膜炎	1
糖尿病高血压高血脂症	高血压	1
肠癌 高血压 糖尿病（去外地带药）	高血压	1
"""乳腺癌术后,晚期绝经后"""	乳腺恶性肿瘤	1
糖尿病并血管病変	糖尿病	1
双下肢动脉硬化	肢体动脉硬化	1
"""上呼吸道感染、发热、咳嗽咳痰,咽痛、牙痛,行动不便,过敏性鼻炎"""	上呼吸道感染	1
宫颈非角化型鳞状细胞癌	鳞状细胞癌	1
L5压缩性骨折	腰椎压缩性骨折	1
宫颈中分化鳞癌免疫治疗	鳞状细胞癌	1
舌疾患沟纹舌	舌未特指的疾病	1
; 直肠癌术后; 内痔	癌	1
左膝关节骨关节炎	单侧膝关节骨性关节病	1
左颈总动脉发育异常	颈内动脉畸形	1
情绪障碍脑白质脱髓鞘	心境[情感]障碍	1
胸12椎体陈旧性病变	脊椎病	1
椎体压缩骨折术后	脊柱骨折	1
左锁骨骨折术后	骨折术后	1
被打伤左耳半小时	耳部损伤	1
会厌鳞癌	鳞状细胞癌	1
左上肺周围型低分化腺癌纵隔淋巴结转移 上呼吸道感染	上呼吸道感染	1
白内障人工晶体植入术后	白内障	1
结肠腺癌并癌性腹水	癌	1
双肺上叶陈旧性病变双肺下叶间质性病变	肺病	1
急性淋巴细胞白血病维持化疗	急性淋巴细胞白血病	1
Lutembacher综合征	卢滕巴赫综合征[Lutembacher综合征]	1
冠心病高血压贫血高脂血症胃炎脑梗塞便秘脂肪肝心律失常上呼吸道感染	上呼吸道感染	1
胸壁未分化高级别多形性肉瘤	肉瘤	1
心衰红皮病嗜酸性粒细胞增多症	心力衰竭	1
双下肢动脉粥样硬化闭塞症	下肢动脉粥样硬化闭塞症	1
Ebstein畸形术后	埃布斯坦畸形[Ebstein畸形]	1
左乳肿块癌	乳房肿物	1
黑色素肿瘤	黑色素瘤	1
继发性凝血机能异常维生素K依赖型	维生素K缺乏	1
卵巢高级别浆液性乳头状癌IIIc期术后	卵巢恶性肿瘤	1
直肠低分化腺癌	直肠恶性肿瘤	1
右乳非特殊类型浸润性癌 T2N1M0 IIB期	乳腺恶性肿瘤	1
脑静脉血栓形成	静脉血栓形成	1
胆管上皮乳头状增生伴局部上皮不典型增	胆道不典型增生	1
左乳癌术后锁骨上淋巴结复发	乳腺术后	1
风心瓣膜病，AI（中-重）MS轻-中TIA过后，	短暂性脑缺血发作	1
"""乳癌术后骨转移 严重骨质疏松 ,肝损伤癌性疼痛"""	癌	1
鼻窦疾病待查	鼻和鼻窦其他特指的疾患	1
三系下降待查血液系统疾病嗜血综合症	噬血细胞综合征	1
左侧颈动脉岩段动脉夹层伴重度狭窄	颈动脉狭窄	1
白内障人工晶体植入术后	人工晶体植入状态	1
MODS呼吸循环肾肝脑凝血免疫	多脏器功能障碍综合征[MODS]	1
G2P1孕40+2周ROA平产、地中海贫血、中度贫血	中度贫血	1
非霍奇金淋巴瘤 滤泡性淋巴瘤 3A级 Ⅳ期 A组（累及双锁骨上窝、双腋窝、纵隔心膈角区、腹膜后、盆腔、双腹股沟）ECOG评分3分 A组FLIPI-1 5分 FLIPI-2 3分	腹股沟继发恶性肿瘤	1
右额颞叶间变型少突胶质细胞瘤综合治疗后	额颞叶恶性肿瘤	1
宫颈中分化内膜样腺癌Ib1期	子宫内膜样腺癌	1
小肠炎症性肠病	炎症性肠病	1
肌酶升高待查：系统性红斑狼疮？肌炎？	肌炎	1
肺侵袭性腺癌	腺癌	1
右卵巢未成熟畸胎瘤III期	未成熟型畸胎瘤	1
"""肝占位,肝癌"""	癌	1
全脑放疗后	放射治疗	1
胃底隆起病变CG糜烂	慢性胃炎	1
"""升结肠癌,腹腔转移术后"""	腹腔继发恶性肿瘤	1
左拇外伤术后	手部损伤	1
子宫中分化子宫内膜样腺癌IIIA期术后一程化疗后	子宫恶性肿瘤	1
右肾错构瘤伴出血	肾出血	1
右肾透明细胞癌T1N0M0	透明细胞癌	1
左上肺占位:癌	肺占位性病变	1
停经245周B超提示胎儿上腔静脉走形迂曲	妊娠状态	1
左足拇趾趾间关节撕脱性骨折	足部关节骨折	1
慢性全胃炎伴糜烂，糜烂性十二指肠炎	十二指肠炎	1
心衰红皮病嗜酸性粒细胞增多症	红皮病	1
右腿截肢右腿功能障碍	截肢	1
腿肿	下肢肿胀	1
头部、左膝外伤	"头部损伤"""	1
停经24周B超提示胎儿左侧胸腔内混合回声	孕24周	1
乙状结肠降结肠交界处管状腺瘤	管状腺瘤	1
双眼屈光不正；黄斑病变；双眼糖尿病眼底病变	糖尿病性视网膜病变	1
盆底功能障碍性疾病阴道穹隆膨出Ⅳ度	盆底功能障碍	1
单骨性骨纤维异样增殖症左股骨	股骨纤维结构不良	1
胃窦溃疡型中低分化腺癌根治术后 pT4N1M0 IIIb期化疗	胃术后	1
鼻咽占位待查	面部占位	1
胃底隆起病变CG糜烂	胃和十二指肠未特指的疾病	1
类风湿性关节炎疼痛	关节痛	1
静脉发育不良下肢	周围动静脉畸形	1
耳廓肿物（纤维瘤）	耳廓肿物	1
乙状结肠隆起型粘液腺癌（pT4aN0M1a IVA期）	粘液腺癌	1
非胰岛素依赖型糖尿病伴有酮症酸中毒	2型糖尿病性酮症酸中毒	1
药疹大疱性表皮坏死松解症	莱尔综合征[lyell综合征]	1
停经312周10单活胎胎儿脊髓低位	妊娠状态	1
2型糖尿病##糖尿病肾病	2型糖尿病	1
突发性耳聋(特发性聋)	突发性聋	1
"""左肾盂癌根治术后 IV期,膀胱转移根治术后,右输尿管皮肤造口术,盆腔局部复发,左侧髂外血管旁、左侧腹股沟区淋巴结转移,放疗,疼痛"""	腹股沟淋巴结继发恶性肿瘤	1
右肺穿刺活检腺癌	右肺恶性肿瘤	1
"""骨质疏松伴病理性骨折,过敏性鼻炎伴哮喘"""	骨质疏松伴病理性骨折	1
待查类风湿强脊炎	强直性脊柱炎	1
L1椎体陈旧性压缩性骨折	陈旧性腰椎骨折	1
左侧腘窝皮下肿块	下肢肿物	1
"""胃印戒细胞癌 局部进展期,肺癌术后 免疫力低 过敏性皮炎,上呼吸道感染 发热 咳嗽"""	上呼吸道感染	1
"""左乳癌术后,右下肺占位"""	癌	1
双侧颈内动脉内膜病变伴斑块形成	颈内动脉斑块	1
中枢性损害提示脑干水平改变	脑干损伤	1
牙挫伤	牙及相关组织损伤	1
非霍奇金B细胞淋巴瘤	非霍奇金淋巴瘤(B细胞型)	1
咳嗽变异性哮喘？支气管炎，百日咳综合症？	咳嗽变异型哮喘	1
(FLJC)甲状腺ca术后	甲状腺恶性肿瘤	1
胸腺鳞状细胞癌术后	胸腺恶性肿瘤	1
左桡骨、腕骨骨折	腕骨骨折	1
子宫肌层恶性肿瘤平滑肌肉瘤	平滑肌肉瘤	1
"""左下肢DVT,高血压，高血脂"""	高血压	1
糖尿病合并症高血压病上感重度骨关节病	上呼吸道感染	1
慢性纤维化空洞型肺结核伴支气管扩张	空洞型肺结核	1
脾形态符合淤血性脾肿大	脾大	1
结肠癌癌痛	癌性疼痛	1
支气管肺炎(恢复期)，感染性腹泻腹泻病	感染性腹泻	1
右腕部尺神经瘤	神经瘤	1
乙状结肠粘液腺癌伴梗阻、肝转移 pT4N0M1 IVa期	结肠梗阻	1
右足舟骨及骰骨撕脱性骨折	足舟骨骨折	1
左眼视网膜剥离术后	眼术后	1
贲门癌术后 进食不畅	贲门恶性肿瘤	1
小脑萎缩性共济失调	共济失调	1
双下肢胫前动脉闭塞双下肢胫后动脉闭塞	胫后动脉闭塞	1
宫颈CIN2绝经后期	宫颈上皮瘤样病变[CIN]II级	1
耳特指疾患双耳听力障碍	听功能障碍	1
乙状结肠管状腺瘤伴低度上皮内瘤变	管状腺瘤	1
高血压。冠心病。咳嗽。咽痛。腰腿痛。失眠。头晕	冠状动脉粥样硬化性心脏病	1
原发性肝癌（右）肝动脉插管化疗栓塞术后	肝恶性肿瘤	1
妊娠期B族链球菌感染	妊娠状态	1
左眼睑挫裂伤	眼睑裂伤	1
乙状结肠中分化腺癌伴肝转移术后（T3N1M1 D	乙状结肠恶性肿瘤	1
左手中指指背皮肤挫裂及缺损	皮肤缺损	1
左肺非小细胞肺癌Ⅳb期 cT4 N2 M1c 化疗	淋巴结继发恶性肿瘤	1
宫颈癌ⅡB放疗	癌	1
静脉特指疾患右上腔静脉狭窄	上腔静脉狭窄	1
支气管扩张并感染咳血、失眠症	支气管扩张症合并感染	1
左食中环小指坏死缺失	手坏死	1
胃角溃疡型中分化腺癌（pT4b	胃恶性肿瘤	1
"""肺癌晚期术后复发放疗低硒,咯血,疼痛,咳嗽,恶心,呕吐"""	咳嗽	1
甲状腺良性疾病手术后	未特指的甲状腺疾患	1
糖尿病周围神经血管病变	糖尿病性周围神经病	1
肝恶性肿瘤射频消融治疗	肝恶性肿瘤	1
先天性肺囊肿并感染	肺部感染	1
瘢痕性秃发烧后	瘢痕性脱发[瘢痕性毛发缺失]	1
长期胃口差间歇性清晨眼睑浮肿	食欲不振	1
自身免疫性疾病抗AMA-M2抗体阳性	自身免疫病	1
高血压;慢性肾功能不全;肾性骨病;下肢静脉回流障碍;肾性贫血	肾性贫血	1
运动神经元疾病	运动神经元病	1
臀部疖肿金黄色葡萄球菌	臀部疖	1
陈旧性心肌梗死(冠脉支架植入术后)	冠状动脉支架植入术后状态	1
早孕合泌感	妊娠状态	1
腹水原因待查肝硬化性腹水可能性大	腹水	1
"""左乳肿物,乳腺癌"""	乳房肿物	1
右半结肠胆管腺癌	结肠恶性肿瘤	1
右颈部淋巴结反应性增生	淋巴结反应性增生	1
多发性子宫肌瘤	子宫多发性平滑肌瘤	1
肝硬化腹水，胸水	肝硬化	1
哮喘(Athmas)	支气管哮喘	1
全子宫切除术2年余发现附件囊肿1年	子宫术后	1
"""原发性肝癌,慢性乙型病毒性肝炎,肝炎后肝硬变,门脉癌栓"""	癌	1
阑尾炎术后	阑尾炎	1
db0主气管阻塞db	呼吸道梗阻	1
前列腺ca术后多发骨转移	癌	1
L32腰椎体终板炎L	骨软骨炎	1
非霍奇金氏淋巴瘤(弥漫大B细胞型（ABC型） Ⅱ期B组)	弥漫大B细胞淋巴瘤	1
子宫颈神经内分泌癌IIB期放化疗后	化学治疗	1
慢性肾炎合并妊娠	妊娠合并肾炎	1
直肠癌术后。低蛋白血症、前列腺增生	低蛋白血症	1
右股骨骨折右胫骨骨折右下肢皮肤软组织挫裂伤，右肱骨髁上骨折	"肱骨髁上骨折"""	1
头颈外斜待查	斜颈	1
食管溃疡型中分化鳞形细胞癌	鳞状细胞癌	1
高血压，冠心病，肾衰，抑郁症	高血压	1
肝挫裂伤	肝挫伤	1
MODS肝肾心功能障碍	心功能不全	1
直肠癌术后回肠造口还纳术	癌	1
全身多发转移癌复治	多部位继发恶性肿瘤	1
肝癌术后; 低蛋白血症; 肝硬化	肝硬化	1
左足跟部皮肤撕脱坏死	足部软组织撕脱伤	1
直肠癌术后。低蛋白血症、前列腺增生	直肠术后	1
宫颈中分化腺癌IB1期	子宫颈恶性肿瘤	1
双侧卵巢中低分化浆液性乳头状腺癌	卵巢恶性肿瘤	1
右颊粘膜舌覆扁平苔藓免疫异常	口腔扁平苔癣	1
双眼上睑倒睫术后	眼术后	1
"""胃窦癌腹腔广泛淋巴结转移,缺铁性贫血 巨细胞贫血 维生素缺乏,胃食管反流 消化道出血不除外,恶心、呕吐,长期不能进食"""	O	1
中度周围神经病变以轴索改变为主	轴索性周围神经病	1
肺功能减退声门裂狭窄	肺功能异常	1
急性喉气管支气管炎，酸性细胞高	O	1
食管乳头状瘤术后	食管良性肿瘤	1
右乳浸润性导管癌生物治疗	乳腺恶性肿瘤	1
左腓肠神经断裂	神经断裂	1
第1趾末节部分缺血性坏死右足血供不足	足坏死	1
右乳腺导管内乳头状肿瘤	导管内乳头状瘤	1
右下肢皮肤色素沉着伴皮肤破溃	下肢开放性损伤	1
双侧颈部及颅内动脉多发斑块及狭窄	动脉狭窄	1
主动脉缩窄	主动脉缩窄	1
头部蜂蜇伤复诊	蜂螫伤	1
"""食管鳞癌 咳嗽,肺部感染,胃炎"""	鳞状细胞癌	1
格林巴利综合征可能性大脑白质病变不除外	脑白质病	1
"""左乳腺癌术后肝Ｍ,化疗呕吐，化疗后WBC小于2000,化疗肝损伤,失眠"""	肝损伤	1
1胸水原因待查2下肢浮肿原因待查	下肢水肿	1
化扁；溃疡性口腔炎；支气管炎	溃疡性口炎	1
左乳包块，孕8月	乳房肿物	1
颈背部肿物	颈部肿物	1
肢体无力原因格林巴利综合征	肢体无力	1
盆腔脉管瘤栓	肿瘤栓子	1
锥体外糸病	锥体外系综合征	1
"""急性扁桃体炎,哮喘"""	支气管哮喘	1
直肠中分化腺癌根治术后 IIIc期 pT4aN2aM0	淋巴结继发恶性肿瘤	1
增生期样子宫内膜伴息肉	子宫息肉	1
强直性脊柱炎并胸腰椎后凸畸形	强直性脊柱炎	1
"""胰腺癌术后,胃排空障碍,胰腺肿瘤,胰腺分泌功能不足,腹膜后肿大淋巴结,转氨酶升高"""	胰腺术后	1
大便次数减少直肠局部隆起	大便习惯改变	1
双侧肾造瘘术后	肾造口状态	1
硒肺咳嗽。喘。胸闷	矽肺[硅沉着病]	1
多指[趾]和并指[趾]畸形	多指[趾]和并指[趾]畸形	1
"""直肠癌术后（Kras 野生型）,肝转移瘤术后复"""	直肠恶性肿瘤	1
肉芽肿性小叶炎	乳腺炎性肉芽肿	1
多发性周围神经损害	多发性神经病[多发性神经炎/周围神经炎]	1
"""上呼吸道感染、发热、咳嗽咳痰,行动不便,纳差"""	食欲不振	1
"""深静脉血栓形成,肺腺+130:400癌IV期,肝功能损伤,化疗呕吐,白细胞减少 中性粒细胞减少"""	静脉血栓形成	1
左侧输尿管切开取石术后	输尿管结石	1
右侧胫前及胫后动脉慢性闭塞病变	胫后动脉闭塞	1
前列腺癌(术后)	前列腺恶性肿瘤	1
脑内多发缺血性脱髓改变	脱髓鞘性脑病	1
"""胰腺癌放疗,肝转移? 血小板降低,化疗，食欲差"""	食欲不振	1
骶尾部外伤后排便困难	排便困难	1
右扁桃体癌综合治疗后	癌	1
"""右肺下叶低分化癌骨转移 淋巴结转移 IV期,双肺多发小结节性质待查"""	骨继发恶性肿瘤	1
直肠癌术后。低蛋白血症、前列腺增生	前列腺增生	1
抑郁伴躯体形式障碍未特指的	未特指的躯体形式障碍	1
"""2型糖尿病,高脂血症,高血压病,糖尿病伴神经并发症,糖尿病伴肾并发症,动脉硬化性心脏病,糖尿病伴眼并发症"""	2型糖尿病	1
右下肢动脉支架植入术及球囊扩张术	血管支架植入术后状态	1
胃癌 疼痛 不能进食	疼痛	1
胃肠间质瘤术后，贫血，白细胞减少	贫血	1
短暂性缺血性脑病	脑血管供血不足	1
上感、肺炎恢复期、热性惊厥、颅内感染？	颅内感染	1
肝癌晚期	癌	1
胸闷待查冠心病心绞痛？高血压糖尿病	心绞痛	1
"""股癣,毛周角化症"""	毛发苔藓	1
子宫原位癌	子宫恶性肿瘤	1
急性心梗继发心衰	急性心力衰竭	1
d发作性无力原因待查	肢体无力	1
升结肠癌，pT2N0；	升结肠恶性肿瘤	1
左乳腺肿物伴感染	感染	1
右乳导管内乳头状肿瘤性病变	导管内乳头状瘤	1
右手发麻正中神经病变	正中神经损害	1
右肾盂输尿管炎性病变	肾盂肾炎	1
慢性家族性良性天疱疮	良性慢性家族性天疱疮	1
短暂性脑缺血高三酰甘油血症	高甘油三酯血症	1
糖尿病高血压糖尿病神经病变	糖尿病伴神经系统并发症	1
左上纵隔癌结合形态及免疫表型考虑	纵隔恶性肿瘤	1
左侧肢体无力待查颈腰椎病	颈椎病	1
左胫腓骨纤维异样增殖症	胫骨纤维结构不良	1
左下肢针刺伤	"""下肢未特指的损伤,水平未特指"""	1
乳腺增生并导管扩张及纤维腺瘤样增生	乳腺导管扩张症	1
右肺中叶支气管外压性狭窄	支气管狭窄	1
"""横结肠癌 肠道出血 缺铁性贫血,叶酸缺乏,乙型肝炎"""	肠出血	1
右侧输尿管上段结石并右肾重度积水	肾积水伴输尿管结石	1
"""随诊检查,恶性肿瘤手术后(食管癌，喉癌)"""	恶性肿瘤手术后的随诊检查	1
风心病换瓣术后	具有其他心脏瓣膜置换	1
腰椎同描述考虑为慢性化脓性炎请结合临床	炎性脊椎病	1
语言功能障碍	言语和语言发育障碍	1
盆底、子宫直肠陷凹多发转移？	直肠子宫陷凹继发恶性肿瘤	1
慢性风湿性心脏病	风湿性心脏病	1
尺桡骨折骨不连	桡骨骨折不连接	1
右肺下叶癌	右肺下叶恶性肿瘤	1
L5椎体结核	腰椎结核	1
MALT淋巴瘤	非霍奇金淋巴瘤(B细胞型)	1
鼻咽顶后壁、顶壁、右侧壁未分化型非角化性癌T1N0M0 I期	鼻咽侧壁恶性肿瘤	1
右乳增生性炎	乳腺炎	1
左侧股骨外踝前壁内踝后壁撕脱性骨折	内踝骨折	1
急性移植物抗宿主反应病I级皮肤	急性移植物抗宿主病	1
发热肺部感染头晕脑出血后遗症	发热	1
腹膜癌术后检查	癌	1
右卵巢浆液性乳头状囊腺瘤	乳头状囊腺瘤	1
双手皮肤破损及水泡	手部开放性损伤	1
多脏器功能不全累及肝脏肾脏凝血心肌呼吸	多脏器功能障碍综合征[MODS]	1
多发颅内动脉狭窄伴不稳定斑块	动脉狭窄	1
双耳听力障碍	听功能障碍	1
冠心病心律失常型;高血压;慢性喘息性支气管炎;高血压性肾病	高血压	1
糖尿病并泌尿系感染	泌尿系感染	1
宫颈中高分化鳞癌IIIb期放化疗后	子宫颈恶性肿瘤	1
带环出血冠心病	冠状动脉粥样硬化性心脏病	1
火焰烧伤左手	火焰烧伤	1
颈腰部疼痛待查	腰痛	1
右眼高眼压右眼球结膜淋巴循环障碍	高眼压症	1
左侧软腭裂伤	软腭开放性损伤	1
"""左乳腺癌术后,骨转移,肺转移,严重骨质疏松"""	转移性癌	1
胸椎管内神经鞘瘤	椎管内良性肿瘤	1
右肺癌化放疗后	右肺恶性肿瘤	1
左下肺腺癌（T2N0MO Ib期）术后	腺癌	1
消化系统合并症：①慢性非萎缩性胃炎伴胆汁反流（轻度）②十二指肠炎③Barrett食管④肝右叶多发小囊肿⑤肝右叶钙化灶	肝钙化灶	1
右颊粘膜挫裂伤	颊挫伤	1
乏力，纳差，恶心，胸闷，心梗可能	乏力	1
胆囊息肉胆囊结石	胆囊结石	1
自身免疫性疾病倾向	自身免疫病	1
残胃CA	癌	1
结缔组织疾病相关性间质性肺疾病急性加重	间质性肺病	1
"""行动不便,慢性失眠,消化不良,呕吐,胃溃疡、反酸咽喉肿痛,感冒咽炎咳嗽咳痰,便秘,重度骨关节炎"""	咳嗽	1
右卵巢腺癌	卵巢恶性肿瘤	1
食管鳞癌维持性化学治疗	食管恶性肿瘤	1
卵巢无性细胞瘤	无性细胞瘤	1
复发性右侧硬膜下积血及大脑镰旁右侧积血	硬膜下血肿	1
背部皮肤擦伤	躯干浅表擦伤	1
"""宫颈鳞癌IIb放化疗,化疗止吐保心保肝脱水利尿,消化不良，食欲减退，咳嗽咳痰"""	化学治疗	1
盆腔包块（1.卵巢囊肿2.其他）	卵巢囊肿	1
（左肺）低分化腺癌，符合低分化腺癌，含鳞状细胞癌成分	鳞状细胞癌	1
妊娠合并子宫肌瘤红色变性	妊娠合并子宫肌瘤	1
肝门区胆管癌	肝门胆管恶性肿瘤	1
41楔状缺损3646磨损	牙齿磨损	1
对角支粥样硬化伴中-重度狭窄	冠状动脉粥样硬化	1
产前心脏病	未特指的心脏病	1
颈椎失稳症	颈椎不稳定	1
晚期胃腺癌	胃恶性肿瘤	1
右乳腺癌术后伴右颈部多发淋巴结	颈部淋巴结继发恶性肿瘤	1
特指手术后状态(左下肢大隐静脉高位结扎术后)	其他特指的手术后状态	1
对角支粥样硬化伴中-重度狭窄	冠状动脉狭窄	1
左侧颈总动脉局部狭窄	颈总动脉狭窄	1
骨髓增生异常综合征，直肠癌术后	直肠恶性肿瘤	1
慢性阻塞性肺疾病急性加重期气管插管术后II型呼吸衰竭	Ⅱ型呼吸衰竭	1
神经症植物神经共紊乱	神经症性障碍	1
类风湿关节炎肾损害	慢性肾损害	1
"""脑梗死,记忆力减退,高脂血症,骨质疏松"""	高脂血症	1
膝内翻轻度左侧肋外翻轻度	膝内翻	1
舌系带矫正术后	舌术后	1
高血压血糖增高	血糖升高	1
"""右肺鳞癌IV期，肝癌,失眠"""	失眠	1
右乳浸润性导管癌生物治疗	浸润性导管癌	1
右乳腺癌IV期	癌	1
牙齿损伤	牙及相关组织损伤	1
左肺上叶肺大泡破裂并气胸左侧胸壁引流术后	气胸	1
植物神经紊乱中度焦虑轻度抑郁	植物神经功能紊乱	1
阴道鳞癌Ⅰ期放化疗后	化学治疗	1
"""左足底黑色素瘤扩大切除术后,左下肢肌肉间转移，肺、肝转移？,胃溃疡"""	下肢继发恶性肿瘤	1
腰椎病胸椎病	腰椎病	1
右侧卵巢高级别浆液性腺癌IIIc期	浆液性腺癌	1
"""上呼吸道感染慢性咽炎感冒,口腔黏膜溃疡,胃镜检查,病毒性感冒"""	病毒性感冒	1
宫颈炎性疾病，子宫肌瘤术后	子宫平滑肌瘤	1
肺癌ＩＶ期　卡氏评分８０分	癌	1
血脂高头闷晕	头晕	1
子宫颈鳞癌IIB期放疗后	子宫颈恶性肿瘤	1
左踝关节前方滑膜撞击征左足副舟骨	踝关节撞击综合征	1
胎盘植入胎盘组织广泛退变坏死伴钙盐沉积	钙质沉着症	1
直肠腺癌根治术后pT2N0M0	腺癌	1
鼻腔放化疗后	恶性肿瘤放疗	1
肠道DLBCL化疗后复查	肠道恶性肿瘤	1
左股骨干骨折术后内固定物取出术后	骨折术后	1
肺部感染并呼吸衰竭	呼吸衰竭	1
乙状结肠溃疡型中分化腺癌pT4aN0M0 IIB期根治术后	乙状结肠恶性肿瘤	1
"""右肺癌,肝脏多发弥漫性结节,双侧肾上腺占位胃溃疡胃酸多,多发骨转移 中重度疼痛,维生素缺乏 咳嗽,化疗止吐 脑转移"""	右肺恶性肿瘤	1
腰4椎体爆破性骨折伴不全瘫	不完全性瘫痪	1
盲肠绒毛状管状腺瘤可能	盲肠良性肿瘤	1
双下肢感觉肌力异常大小便障碍	排尿困难	1
左上肢浮肿静脉血流瘀滞可能性大	水肿	1
结肠低分化腺癌根治术后pT4NxMx	结肠术后	1
右肺中叶肺不张	肺不张	1
右乳浸润性癌非特殊类型	癌	1
双侧胫前及右侧胫后动脉慢性闭塞型改变	胫前动脉闭塞	1
胎儿宫内生长发育受限	胎儿生长受限	1
急性脑血管病((脑梗死))	脑梗死	1
右髂内动脉夹层动脉瘤	髂内动脉夹层	1
鼻部面部多处抓伤	鼻部开放性损伤	1
右乳肿物:癌	乳房肿物	1
2型糖尿病并肾病（尿毒症期）	2型糖尿病肾病V期	1
双侧颈部及颅内动脉多发斑块及狭窄	颈动脉狭窄	1
妊娠合并桥本氏甲状腺炎	自身免疫性甲状腺炎[桥本病]	1
左拇指指腹皮肤缺失	皮肤缺损	1
右上肺癌伴全身多发转移（IV期 骨、脑）	转移性癌	1
高级别子宫上皮内病变CINIII	子宫颈上皮内瘤变III级[CINIII级]	1
急性脑梗死；高血压病；心肌缺血	高血压	1
子宫颈中分化鳞癌IIa1期	鳞状细胞癌	1
十二指肠粘膜下病变淋巴管扩张可能	肠淋巴管扩张	1
右小腿创伤性软组织缺损皮肤和软组织缺损	"""下肢皮肤缺损"	1
癌化学治疗后的随诊检查	癌	1
双眼角结膜炎	结膜炎	1
间断眼睑浮肿左下肢轻微浮肿	眼睑水肿	1
盆腔复发放疗后	恶性肿瘤放疗	1
烧、烫伤(急)	其他烫伤	1
左面颊部淋巴水瘤	水囊瘤	1
右手特指肌腱端病疤痕黏连	瘢痕粘连	1
右输尿管癌PT2N0M0术后	输尿管术后	1
左手中指恶性黑素瘤	手指恶性黑色素瘤	1
右上叶GGO不除外恶性	肺恶性肿瘤	1
胆囊结石切除术后	胆囊术后	1
右肾血管平滑肌瘤可能	肾错构瘤	1
双肺多发网格影考虑间质改变可能性大	肺部阴影	1
冠心病KippipⅡ级	KillipII级	1
支气管哮喘；免疫紊乱;	支气管哮喘	1
右侧输卵管伞端闭锁伴输卵管积液	右侧输卵管积水	1
肝内胆汁淤积	胆汁淤积症	1
双膝骨关病并游离体	膝关节游离体	1
右眼裂外眦外伤后疤痕粘连	外眦瘢痕	1
左踝、颈外伤	颈部损伤	1
局灶-继发全身发作枕叶发作	癫痫部分性发作	1
起搏器囊袋感染清创术后	清创术后	1
外伤后右三叉神经1支损伤	三叉神经损伤	1
"""左侧乳腺癌术后,双肺转移"""	乳腺术后	1
贲门癌放化疗后	癌	1
腹腔广泛种植转移	广泛转移性肿瘤	1
考虑镍性皮炎日光性皮炎	光照性皮炎	1
指甲增厚查因1甲藓2微量元素缺乏	微量元素缺乏症	1
双右耳突发性耳聋左耳感音神经性耳聋	突发性聋	1
右足烧伤后瘢痕挛缩畸形	足部瘢痕	1
急性胃炎/前列腺炎	急性胃炎	1
感音神经性听觉减退老年性听损	感音神经性聋	1
妊娠、乙肝5.25	妊娠状态	1
HIV感染	人类免疫缺陷病毒[HIV]病造成的多发性感染	1
左乳腺癌术前化疗	癌	1
腹膜后淋巴结转移	腹膜后淋巴结继发恶性肿瘤	1
手部血管瘤	肢端血管瘤	1
鼻炎，传单？	鼻炎	1
咳嗽待查上气道综合症？胃食管反流？	上气道咳嗽综合征	1
黏膜组织示鳞状上皮化生符合黏膜白斑	"""白斑病,不可归类在他处者"""	1
冠心病心律失常型;水肿行动不便	冠心病心律失常型	1
贲门癌综合治疗后	贲门恶性肿瘤	1
子宫颈低分化腺癌	腺癌	1
腰45椎间盘膨出骶管小囊肿	椎管囊肿	1
肾功能检查的异常结果	肾功能不全	1
痣，甲白点	白甲	1
右上腭鳞癌	鳞状细胞癌	1
子宫内膜癌I期	子宫内膜样癌	1
心功能不全并肺部感染、梅毒房颤。糖尿病。高血压病	肺部感染	1
人偏肺病毒阳性	病毒感染	1
妊娠合并子宫浆膜下肌瘤	妊娠合并子宫肌瘤	1
双肺内、第3胸椎、右髂骨转移不除外	髂骨继发恶性肿瘤	1
冠状动脉供血不足;高脂血症;焦虑状态;支架植入术后状态	焦虑状态	1
阿尔珀斯病灰质变性Alpers	弥漫性进行性脑灰质变性[阿尔珀斯]	1
分叶性肾炎	膜性增殖性肾小球肾炎	1
特指口区囊肿新口底	口腔囊肿	1
宫颈非角化型鳞癌IIIb期放化疗后	化学治疗	1
糖尿病性肾病CKD4期	"""糖尿病性肾病"	1
白斑病	"""白斑病,不可归类在他处者"""	1
慢性心功能不全心功能III级	心功能III级(NYHA分级)	1
外科切口瘢痕相关行房扑消融术后	手术后瘢痕	1
甲状腺乳头状癌术后伴双肺转移（TxN1bM1，Ⅳc期，高危）	甲状腺术后	1
右乳纤维囊性乳腺病并纤维腺瘤	乳房纤维囊性乳腺病	1
左耳后腮裂瘘管	鳃裂瘘	1
脾脏符合慢性淤血性脾肿大并副脾组织	先天性副脾	1
结肠癌术后复查，出血便秘，肠镜检查，预防出血	便秘	1
慢性支气管炎继发感染;慢性阻塞性肺疾病	慢性支气管炎	1
阴蒂黑色素瘤切除术后	阴蒂恶性肿瘤	1
贲门癌术后 进食不畅	进食障碍	1
臀部皮肤软组织挫伤	臀部挫伤	1
右拇指甲床示指皮肤撕脱缺损	皮肤缺损	1
子宫内膜中低分化内膜样腺癌	子宫内膜样腺癌	1
右附件低回声右输卵管积液代排	输卵管积水	1
降结肠管状腺瘤未带蒂部	管状腺瘤	1
阑尾炎术后腹胀	腹胀	1
鼻咽癌放疗中	癌	1
尿面疹	尿布性皮炎	1
"""痛经,闭经,盆腔炎"""	闭经	1
晚孕胎儿四肢低于正常	妊娠状态	1
右侧腹部刀捅伤	腹部开放性损伤	1
慢性阻塞性肺疾病急性期	慢性阻塞性肺疾病	1
慢性鼻窦炎伴息肉	慢性鼻窦炎	1
前列腺增大伴小囊肿	前列腺增生	1
"""上呼吸道感染、发热、咳嗽咳痰,行动不便,纳差"""	发热	1
冠心心功不全	冠状动脉粥样硬化性心脏病	1
"""肝脏转移 化疗,白细胞低下,尿路感染,肝功能"""	泌尿系感染	1
甲状腺低分化鳞癌伴肺、颈淋巴结转移	颈部淋巴结继发恶性肿瘤	1
骶尾部化脓性囊肿	骨盆部囊肿	1
左足背砸伤软组织损伤	砸伤	1
高血压病极高危组	高血压	1
右手小指伸肌腱扩张部部分撕裂	手部韧带断裂	1
上颌窦癌	上颌窦恶性肿瘤	1
烧、烫伤(急)	烧伤	1
肝硬化脾亢(术后)	O	1
左背部玻璃割伤	背部开放性损伤	1
"""头晕,高血压,糖尿病；脑出血恢复期"""	脑出血恢复期	1
中枢神经系统EB病毒感染	EB病毒感染	1
右乳腺癌中医治疗	恶性肿瘤中医治疗	1
先天性心脏病法洛四联症	先天性心脏病	1
高血压/胸闷/颈动脉狭窄/晕厥	晕厥	1
颈肌抽搐查因	不自主运动	1
颈脊髓空洞伴四肢不全瘫	脊髓空洞症	1
宫颈上皮内瘤样变III级累腺	子宫颈上皮内瘤变III级[CINIII级]	1
慢性移植物抗宿主反应病皮肤肝脏骨骼关节	慢性移植物抗宿主病	1
急性心梗继发心衰	急性心肌梗死	1
"""乳腺癌改良根治术后,化疗,骨转移,骨质疏松,肝转移,肝损伤"""	乳腺恶性肿瘤	1
左盂肱关节破坏结核性类风湿性	类风湿性肩关节炎	1
感染(肿痛)	疼痛	1
右肾囊肿术后	肾术后	1
移植肾慢性排异反应伴有部分肾坏死	肾移植排斥	1
多囊肾并出血	肾出血	1
口腔灼伤性溃疡	口腔开放性损伤	1
视网膜裂孔激光术后	眼术后	1
抗心磷脂综合症	抗磷脂综合征	1
宫颈癌I期	子宫颈恶性肿瘤	1
白内障晶状体置换术后（右）	白内障	1
左手抖动原因待查帕金森氏病	不自主运动	1
食管胃结合部低分化腺癌，放疗后	恶性肿瘤放疗	1
肝脏肿物切除术后	肝肿物	1
肾癌术后晚期 严重肝损伤	癌	1
富于T的B细胞淋巴瘤	富T细胞/富组织细胞大B细胞淋巴瘤	1
用凳子拳头打伤头面肩背部及四肢	多处损伤	1
偏执狂	妄想性障碍	1
"""非霍奇金淋巴瘤，NK/T细胞淋巴瘤,侵及左鼻腔及副鼻窦,鼻咽镜检查活检，局麻预防出血,化疗后骨髓抑制，白细胞减低,关节痛"""	O	1
腹腔淋巴结继发癌	腹腔淋巴结继发恶性肿瘤	1
输卵管癌ⅢC期	癌	1
腰背部囊肿	腰部囊肿	1
胆囊特指疾病胆囊隆起样改变性质待定	胆道其他特指的疾病	1
多发性骨髓瘤(IGG KAPPA型)ISS分期I期 D-S分期IIIA期	多发性骨髓瘤(ISS分期I期)	1
冠心脏心肌缺血	心肌供血不足	1
甲白斑角质松解症	"剥脱性角质松解症"""	1
晶体缺如	无晶状体眼	1
腰2椎体压缩性性骨折伴截瘫	腰椎压缩性骨折	1
右眼睑裂斑双眼MGD	睑板腺功能障碍	1
胃占位性病变(胃溃疡？肝占位：原发性？转移瘤？)	肝占位性病变	1
炎症性关节炎	关节炎	1
横结肠癌术后pT3N2M0IIIC期pMMR	横结肠恶性肿瘤	1
右下肢纤维瘤	纤维瘤	1
右肺转移伽马刀治疗后	恶性肿瘤放疗	1
左下肢扭伤	下肢关节和韧带扭伤	1
左下肢大片皮肤水泡表皮剥脱	下肢撕脱伤	1
钙化上皮瘤？化脓性肉芽肿？	毛母质瘤	1
慢性移植物抗宿主反应病皮肤口腔肝脏眼	慢性移植物抗宿主病	1
外周动脉硬化并狭窄	动脉硬化	1
右卵巢卵泡膜纤维瘤	纤维卵泡膜细胞瘤	1
前额蜂蜇伤	头部损伤	1
乳腺癌化疗左乳癌术前化疗	恶性肿瘤术前化疗	1
咽旁间隙及鼻咽血管瘤术后	鼻咽术后	1
"""肺癌 放疗化疗,放射性皮炎,咳嗽,肝功能损害 预防过敏,化疗止吐 维生素缺乏"""	恶性肿瘤放疗	1
陈发性房颤，窦缓	阵发性心房颤动	1
左侧输卵管闭塞	输卵管梗阻	1
右乳浸润性T2N3M0Her-2阳性型	乳腺恶性肿瘤	1
右侧股骨头骨折并髋臼粉碎性骨折	股骨头骨折	1
帽状腱膜下血肿	头皮血肿	1
肌瘤；IUD	肌瘤	1
胰后脾静脉海绵样变	海绵状血管瘤	1
"""左侧乳腺癌术后,双肺转移"""	肺继发恶性肿瘤	1
乳腺癌术后骨转移严重骨质疏松	乳腺恶性肿瘤	1
腰背部劳损	背部劳损	1
胃酸反流	反酸	1
浮肿待查大便改变	水肿	1
升结肠高分化腺癌	升结肠恶性肿瘤	1
颈5椎体骨折	颈椎骨折C5	1
T型引流管置换胆囊	T型引流管置换	1
全身多处坠落伤	多处损伤	1
颈腹胸部刀伤总值班签字	腹部开放性损伤	1
腰1椎体爆裂骨折	腰椎骨折L1	1
胎儿13-三体型综合征	13-三体综合征[Patau综合征]	1
肛周尖锐湿疣	肛门周围尖锐湿疣	1
痣，甲白点	痣	1
电解质功能紊乱低钾低钙	低钾血症	1
(十二指肠壶腹部癌)	法特壶腹恶性肿瘤	1
"""深静脉血栓形成,肺腺+130:400癌IV期,肝功能损伤,化疗呕吐,白细胞减少 中性粒细胞减少"""	化疗药物反应	1
胃十二指肠多发溃疡伴幽门梗阻	十二指肠溃疡	1
"""行动不便,肝肾阴虚、腰膝酸软,咽炎,慢性失眠,便秘"""	便秘	1
双膝外侧盘状半月板轻度OA骨代谢异常	膝骨关节病	1
"""肺癌晚期术后复发放疗低硒,咯血,疼痛,咳嗽,恶心,呕吐"""	肺恶性肿瘤	1
妊娠期糖尿病G4P1孕39+4周待产LOA	孕39周	1
"""胃角癌,"""	癌	1
泌乳素瘤	垂体良性肿瘤	1
左踝骨折内固定术后	踝骨骨折	1
干燥综合征[舍格伦];胃炎;消化不良;系统性红斑狼疮;贫血;贫血;肾功能不全;骨关节病	肾功能不全	1
""": 阴道伤口息肉术后脱痂恢复期,宫颈鳞状细胞癌IIA2期伴HPV33型感染术后第二次化疗后,骨髓抑制,轻度贫血 ,阴道顶端恢复期,绝经综合征 ,阴道顶端肉芽增生"""	子宫颈恶性肿瘤	1
化疗肾母细胞瘤	肾母细胞瘤	1
"""原发性肝癌,慢性乙型病毒性肝炎,肝炎后肝硬变,门脉癌栓"""	肝炎肝硬化	1
卵巢异常信号影	其他特指身体结构诊断性影像检查的异常所见	1
慢性肝炎活动性肝炎	慢性活动性肝炎	1
低锌低铁	锌缺乏	1
支气管扩张，胃肠炎	胃肠炎	1
T12椎体压缩性改变	胸椎压缩性骨折	1
左踝部蜂蜇伤	踝部损伤	1
左下肢跛行原因肌力V级	肌无力	1
脊髓圆锥受压并双下肢不全瘫	脊髓受压	1
右肺鳞癌维持性化学治疗	恶性肿瘤维持性化学治疗	1
肌弛缓先天性奥本海姆氏病	先天性肌弛缓综合征[松软儿]	1
附件转移（Ⅳ期）根治术后（Dixon术）	子宫附件继发恶性肿瘤	1
牙龈创伤	牙及相关组织损伤	1
右侧颈内动脉C1段动脉瘤	颈内动脉瘤	1
咽壁恶性肿瘤	咽壁恶性肿瘤	1
外阴阴道赘生物	阴道息肉	1
双耳中度听力障碍	听功能障碍	1
鼻咽低分化鳞癌治疗后的随诊检查	鳞状细胞癌	1
"""血管紧张性头痛,海绵状血管瘤，睡眠障碍,高血压病"""	海绵状血管瘤	1
食道反流	胃食管反流	1
结缔组织相关性间质性肺病	间质性肺病	1
"""阴道恶性黑色素瘤扩切术后,局部复发术后"""	恶性黑色素瘤	1
后天性纯红细胞再生障碍	未特指的后天性纯红细胞再生障碍	1
原发性支气管肺癌(左上肺 鳞癌可能 cT4N0M1(骨 )	鳞状细胞癌	1
T11-12老年性病变或压缩性	胸椎压缩性骨折	1
右手经桡骨茎突月骨周围脱位正中神经卡压	腕舟骨月骨周围脱位	1
喉癌治疗后的随诊检查	癌	1
肝恶性肿瘤(（胸腰椎转移，左侧股骨）)	O	1
母体前置胎盘新生儿	胎儿和新生儿受前置胎盘的影响	1
肺间质病变合并肺部感染	肺部感染	1
左乳浸润性癌改良根治术后pT1cN0M0 IA期	乳腺恶性肿瘤	1
肾结石术后	肾结石	1
双基底节区及双额深区多发腔隙性梗死	多发性脑梗死	1
急性胆囊炎胆囊结石;肠梗阻;	急性胆囊炎	1
S2、T8及左第8后肋骨转移瘤	脊柱继发恶性肿瘤	1
大肠和小肠克罗恩病脓肿[节段性肠炎]	大肠克罗恩病	1
胸腰椎退行性病变	胸椎退行性病变	1
右肺中叶结核性肉芽肿性改变	肺结核	1
双耳感音神经聋老年性聋	老年性聋	1
胎儿异常胎儿双肾体积增大积水可能	先天性肾积水	1
皮疹待查：小儿康疹？肠蛔虫症？	肠蛔虫病	1
口咽粘膜擦伤	口腔和咽喉部损伤	1
胸髓压迫症伴截瘫	脊髓压迫症	1
右肺腺癌，骨转移，化疗，骨破坏	腺癌	1
门诊以胃窦管状腺瘤收入院	管状腺瘤	1
考虑镍性皮炎日光性皮炎	镍变应性接触性皮炎	1
心率失常并心肌缺血	心律失常	1
肺大细胞癌T4N3M0	大细胞癌	1
胰腺体部脂肪浸润或小囊肿可能	胰腺囊肿	1
蹼状阴茎	蹼状阴茎[阴茎阴囊融合]	1
"""阴道恶性黑色素瘤扩切术后,局部复发术后"""	阴道恶性肿瘤	1
左前降支中段心肌桥伴轻度狭窄	冠状动脉狭窄	1
腹痛(未特指);肠癌术后	癌	1
"""贲门癌,胃镜用药 预防出血"""	癌	1
喘大气待查：心肌损伤	心肌损害	1
左颈淋巴转移癌	颈部淋巴结继发恶性肿瘤	1
乳癌化疗	化学治疗	1
右睾丸精原细胞瘤T1N0M0	精原细胞瘤	1
肝部继发性恶性肿瘤	肝继发恶性肿瘤	1
左乳肿块癌	癌	1
单纯性乳房发育缺锌缺铁取药	铁缺乏	1
骶尾部左髋部压迫性溃疡	压疮	1
烧伤后全身瘢痕增生	多处烧伤	1
弥漫球性增生性狼疮性肾IV-G	狼疮性肾炎	1
"""食管癌,化疗呕吐反流性食管病,低钾血症水肿,行动不便,白细胞低,咳嗽"""	反流性食管炎	1
头痛;急性胃黏膜病变	头痛	1
胸壁未分化高级别多形性肉瘤	胸部恶性肿瘤	1
颈脊髓鞭索综合征	颈部脊髓中央损伤综合征	1
颈椎神经纤维瘤	神经纤维瘤病[VonRecklinghausen病]	1
淋巴结Castelman病	Castleman病	1
双腿肿痛	下肢肿胀	1
头晕心悸待查：高血压;椎-基底动脉供血不全;冠心病心律失常型;心绞痛	椎-基底动脉供血不全	1
内耳特指疾病左侧内耳迷路积水	内耳未特指的疾病	1
转移性乳腺癌	转移性癌	1
右下肢浅静脉曲张术后	下肢静脉曲张	1
陈旧性外侧半月板紊乱	膝外侧半月板紊乱	1
前列腺癌骨髓侵犯	骨髓继发恶性肿瘤	1
高血压，脑梗塞缺血，	脑梗死	1
化脓性脑膜炎恢复期	脑膜炎恢复期	1
右乳浸润性导管癌T3N0M0	乳腺恶性肿瘤	1
右面部葡萄酒色斑	鲜红斑痣[葡萄酒色痣]	1
扩张型心肌病心律失常：持续性室速慢性心功能不全NYHAIII-IV级	心功能IV级(NYHA分级)	1
额骨多发粉碎性塌陷性骨折	额骨骨折	1
乳腺癌综合治疗后，III度骨髓抑制	乳腺恶性肿瘤	1
"""随诊检查,恶性肿瘤手术后(食管癌，喉癌)"""	喉恶性肿瘤	1
梅尼埃氏病	梅尼埃病	1
右中指末节开放伤伴指深屈肌腱指神经损伤	指神经损伤	1
右腕部胡蜂蜇伤	腕部损伤	1
双肩颈部肿痛	躯干肿胀	1
功血子宫肌瘤	子宫平滑肌瘤	1
宫颈高危HPV53高PRL血症	人乳头瘤病毒感染	1
"""乳腺癌术后,晚期绝经后"""	癌	1
宫颈腺癌，低分化	腺癌	1
"""肝癌,肝硬化,肝昏迷"""	癌	1
孕32周G4P1ROA先兆早产	先兆早产	1
颅脑缺损伴脑室扩大	脑室扩张	1
停经293周B超提示胎儿鼻骨显示不清	妊娠状态	1
主动脉增宽伴轻度反流	主动脉瓣关闭不全	1
尿色异常待查，呼吸道感染	呼吸道感染	1
左侧泌尿系结石碎石后，腰疼待查;	腰痛	1
右手示指指尖缺如	手指损伤	1
"""早孕,腹痛"""	腹痛	1
多原发结肠癌MSI	癌	1
粒细胞缺乏伴上呼吸道感染	粒细胞缺乏	1
子宫内膜透明细胞癌Ia期	子宫内膜恶性肿瘤	1
发育不全	先天性发育异常	1
右小腿下段前内侧皮肤坏死缺失创面	下肢皮肤缺损	1
右侧鼻翼皮肤肿物	鼻部肿物	1
黄斑变性注药术后	眼术后	1
糖尿病脑转移？	转移性肿瘤	1
药物疹（阿莫西林舒巴坦）	药物性皮炎[药疹]	1
右肺肺纤维化纤维灶	肺诊断性影像异常	1
双侧颈内动脉动脉瘤	颈内动脉瘤	1
结肠肝曲管状腺瘤直肠管状腺瘤	结肠肝曲良性肿瘤	1
"""非霍奇金淋巴瘤,口腔溃疡,化疗期间白细胞减少,失眠伴焦虑抑郁状态"""	白细胞减少	1
右下肢血管畸型	下肢血管畸形	1
右侧臀部胚胎性横纹肌肉瘤术后复发	臀部恶性肿瘤	1
肩胛痛;颈椎间盘突出	背痛	1
腹腔粘液腺癌化疗	化学治疗	1
颏瘘下颌前牙根尖病变	牙源性面部皮肤瘘管	1
进行性掌指角皮病	角化病	1
右颊部鳞状细胞Ca	颊部恶性肿瘤	1
"""肝功能升高，化疗保肝,T淋巴母细胞淋巴瘤,"""	T淋巴母细胞白血病/淋巴瘤	1
心律失常-I°房室传导阻滞	一度房室阻滞	1
胃窦病分化腺癌	胃窦恶性肿瘤	1
重度关节炎双膝	双侧膝关节骨性关节病	1
脊柱OA伴狭窄	脊柱骨关节病	1
早孕阴道真菌	真菌性阴道炎	1